technique_id,mitigation_id,mitigation_name,how
T1568,M1031,Network Intrusion Prevention,"Network intrusion detection and prevention systems that use network signatures to identify traffic for specific adversary malware can be used to mitigate activity at the network level. Malware researchers can reverse engineer malware variants that use dynamic resolution and determine future C2 infrastructure that the malware will attempt to contact, but this is a time and resource intensive effort.(Citation: Cybereason Dissecting DGAs)(Citation: Cisco Umbrella DGA Brute Force)"
T1542.005,M1031,Network Intrusion Prevention,"Network intrusion detection and prevention systems that use network signatures to identify traffic for specific protocols, such as TFTP, can be used to mitigate activity at the network level. Signatures are often for unique indicators within protocols and may be based on the specific technique used by a particular adversary or tool, and will likely be different across various network configurations. "
T1008,M1031,Network Intrusion Prevention,"Network intrusion detection and prevention systems that use network signatures to identify traffic for specific adversary malware can be used to mitigate activity at the network level. Signatures are often for unique indicators within protocols and may be based on the specific protocol used by a particular adversary or tool, and will likely be different across various malware families and versions. Adversaries will likely change tool C2 signatures over time or construct protocols in such a way as to avoid detection by common defensive tools. (Citation: University of Birmingham C2)"
T1572,M1031,Network Intrusion Prevention,Network intrusion detection and prevention systems that use network signatures to identify traffic for specific adversary malware can be used to mitigate activity at the network level. 
T1071,M1031,Network Intrusion Prevention,Network intrusion detection and prevention systems that use network signatures to identify traffic for specific adversary malware can be used to mitigate activity at the network level.
T1048.003,M1031,Network Intrusion Prevention,Network intrusion detection and prevention systems that use network signatures to identify traffic for specific adversary command and control infrastructure and malware can be used to mitigate activity at the network level. 
T1105,M1031,Network Intrusion Prevention,"Network intrusion detection and prevention systems that use network signatures to identify traffic for specific adversary malware or unusual data transfer over known protocols like FTP can be used to mitigate activity at the network level. Signatures are often for unique indicators within protocols and may be based on the specific obfuscation technique used by a particular adversary or tool, and will likely be different across various malware families and versions. Adversaries will likely change tool C2 signatures over time or construct protocols in such a way as to avoid detection by common defensive tools.(Citation: University of Birmingham C2)"
T1132,M1031,Network Intrusion Prevention,"Network intrusion detection and prevention systems that use network signatures to identify traffic for specific adversary malware can be used to mitigate activity at the network level. Signatures are often for unique indicators within protocols and may be based on the specific obfuscation technique used by a particular adversary or tool, and will likely be different across various malware families and versions. Adversaries will likely change tool C2 signatures over time or construct protocols in such a way as to avoid detection by common defensive tools. (Citation: University of Birmingham C2)"
T1568.002,M1031,Network Intrusion Prevention,"Network intrusion detection and prevention systems that use network signatures to identify traffic for specific adversary malware can be used to mitigate activity at the network level. Malware researchers can reverse engineer malware variants that use DGAs and determine future domains that the malware will attempt to contact, but this is a time and resource intensive effort.(Citation: Cybereason Dissecting DGAs)(Citation: Cisco Umbrella DGA Brute Force) Malware is also increasingly incorporating seed values that can be unique for each instance, which would then need to be determined to extract future generated domains. In some cases, the seed that a particular sample uses can be extracted from DNS traffic.(Citation: Akamai DGA Mitigation) Even so, there can be thousands of possible domains generated per day; this makes it impractical for defenders to preemptively register all possible C2 domains due to the cost."
T1102,M1031,Network Intrusion Prevention,Network intrusion detection and prevention systems that use network signatures to identify traffic for specific adversary malware can be used to mitigate activity at the network level.
T1041,M1031,Network Intrusion Prevention,"Network intrusion detection and prevention systems that use network signatures to identify traffic for specific adversary malware can be used to mitigate activity at the network level. Signatures are often for unique indicators within protocols and may be based on the specific obfuscation technique used by a particular adversary or tool, and will likely be different across various malware families and versions. Adversaries will likely change tool command and control signatures over time or construct protocols in such a way to avoid detection by common defensive tools. (Citation: University of Birmingham C2)"
T1104,M1031,Network Intrusion Prevention,Network intrusion detection and prevention systems that use network signatures to identify traffic for specific adversary malware can be used to mitigate activity at the network level.
T1090.002,M1031,Network Intrusion Prevention,"Network intrusion detection and prevention systems that use network signatures to identify traffic for specific adversary malware can be used to mitigate activity at the network level. Signatures are often for unique indicators within protocols and may be based on the specific C2 protocol used by a particular adversary or tool, and will likely be different across various malware families and versions. Adversaries will likely change tool C2 signatures over time or construct protocols in such a way as to avoid detection by common defensive tools.(Citation: University of Birmingham C2)"
T1095,M1031,Network Intrusion Prevention,Network intrusion detection and prevention systems that use network signatures to identify traffic for specific adversary malware can be used to mitigate activity at the network level.
T1204.005,M1031,Network Intrusion Prevention,Network prevention intrusion systems and systems designed to scan and remove malicious downloads can be used to block activity. 
T1048.002,M1031,Network Intrusion Prevention,Network intrusion detection and prevention systems that use network signatures to identify traffic for specific adversary command and control infrastructure and malware can be used to mitigate activity at the network level. 
T1048.001,M1031,Network Intrusion Prevention,Network intrusion detection and prevention systems that use network signatures to identify traffic for specific adversary command and control infrastructure and malware can be used to mitigate activity at the network level. 
T1557.002,M1031,Network Intrusion Prevention,Network intrusion detection and prevention systems that can identify traffic patterns indicative of AiTM activity can be used to mitigate activity at the network level.
T1573.001,M1031,Network Intrusion Prevention,Network intrusion detection and prevention systems that use network signatures to identify traffic for specific adversary malware can be used to mitigate activity at the network level.
T1046,M1031,Network Intrusion Prevention,Use network intrusion detection/prevention systems to detect and prevent remote service scans.
T1557.001,M1031,Network Intrusion Prevention,Network intrusion detection and prevention systems that can identify traffic patterns indicative of AiTM activity can be used to mitigate activity at the network level.
T1570,M1031,Network Intrusion Prevention,"Network intrusion detection and prevention systems that use network signatures to identify traffic for specific adversary malware or unusual data transfer over known tools and protocols like FTP can be used to mitigate activity at the network level. Signatures are often for unique indicators within protocols and may be based on the specific obfuscation technique used by a particular adversary or tool, and will likely be different across various malware families and versions. (Citation: University of Birmingham C2)"
T1557.004,M1031,Network Intrusion Prevention,Wireless intrusion prevention systems (WIPS) can identify traffic patterns indicative of adversary-in-the-middle activity and scan for evils twins and rogue access points.
T1204.001,M1031,Network Intrusion Prevention,"If a link is being visited by a user, network intrusion prevention systems and systems designed to scan and remove malicious downloads can be used to block activity."
T1566,M1031,Network Intrusion Prevention,Network intrusion prevention systems and systems designed to scan and remove malicious email attachments or links can be used to block activity.
T1071.003,M1031,Network Intrusion Prevention,Network intrusion detection and prevention systems that use network signatures to identify traffic for specific adversary malware can be used to mitigate activity at the network level. 
T1204.004,M1031,Network Intrusion Prevention,"If a link is being requested by a user, network intrusion prevention systems and systems designed to scan and remove malicious downloads can be used to block activity. "
T1557.003,M1031,Network Intrusion Prevention,Network intrusion detection and prevention systems that can identify traffic patterns indicative of AiTM activity can be used to mitigate activity at the network level.(Citation: dhcp_serv_op_events)
T1566.001,M1031,Network Intrusion Prevention,Network intrusion prevention systems and systems designed to scan and remove malicious email attachments can be used to block activity.
T1048,M1031,Network Intrusion Prevention,Network intrusion detection and prevention systems that use network signatures to identify traffic for specific adversary command and control infrastructure and malware can be used to mitigate activity at the network level.
T1204.003,M1031,Network Intrusion Prevention,Network prevention intrusion systems and systems designed to scan and remove malicious downloads can be used to block activity.
T1001.001,M1031,Network Intrusion Prevention,Network intrusion detection and prevention systems that use network signatures to identify traffic for specific adversary malware can be used to mitigate some obfuscation activity at the network level. 
T1001,M1031,Network Intrusion Prevention,Network intrusion detection and prevention systems that use network signatures to identify traffic for specific adversary malware can be used to mitigate some obfuscation activity at the network level.
T1090.001,M1031,Network Intrusion Prevention,"Network intrusion detection and prevention systems that use network signatures to identify traffic for specific adversary malware can be used to mitigate activity at the network level. Signatures are often for unique indicators within protocols and may be based on the specific C2 protocol used by a particular adversary or tool, and will likely be different across various malware families and versions. Adversaries will likely change tool C2 signatures over time or construct protocols in such a way as to avoid detection by common defensive tools.(Citation: University of Birmingham C2)"
T1204,M1031,Network Intrusion Prevention,"If a link is being visited by a user, network intrusion prevention systems and systems designed to scan and remove malicious downloads can be used to block activity."
T1557,M1031,Network Intrusion Prevention,Network intrusion detection and prevention systems that can identify traffic patterns indicative of AiTM activity can be used to mitigate activity at the network level.
T1602.002,M1031,Network Intrusion Prevention,Configure intrusion prevention devices to detect SNMP queries and commands from unauthorized sources. Create signatures to detect Smart Install (SMI) usage from sources other than trusted director.(Citation: US-CERT TA18-106A Network Infrastructure Devices 2018)
T1602.001,M1031,Network Intrusion Prevention,Configure intrusion prevention devices to detect SNMP queries and commands from unauthorized sources.(Citation: US-CERT-TA18-106A)
T1029,M1031,Network Intrusion Prevention,"Network intrusion detection and prevention systems that use network signatures to identify traffic for specific adversary command and control infrastructure and malware can be used to mitigate activity at the network level. Signatures are often for unique indicators within protocols and may be based on the specific obfuscation technique used by a particular adversary or tool, and will likely be different across various malware families and versions. Adversaries will likely change tool command and control signatures over time or construct protocols in such a way to avoid detection by common defensive tools. (Citation: University of Birmingham C2)"
T1102.001,M1031,Network Intrusion Prevention,Network intrusion detection and prevention systems that use network signatures to identify traffic for specific adversary malware can be used to mitigate activity at the network level.
T1030,M1031,Network Intrusion Prevention,Network intrusion detection and prevention systems that use network signatures to identify traffic for specific adversary command and control infrastructure and malware can be used to mitigate activity at the network level.
T1221,M1031,Network Intrusion Prevention,"Network/Host intrusion prevention systems, antivirus, and detonation chambers can be employed to prevent documents from fetching and/or executing malicious payloads.(Citation: Anomali Template Injection MAR 2018)"
T1573.002,M1031,Network Intrusion Prevention,Network intrusion detection and prevention systems that use network signatures to identify traffic for specific adversary malware can be used to mitigate activity at the network level.
T1071.002,M1031,Network Intrusion Prevention,Network intrusion detection and prevention systems that use network signatures to identify traffic for specific adversary malware can be used to mitigate activity at the network level. 
T1071.001,M1031,Network Intrusion Prevention,Network intrusion detection and prevention systems that use network signatures to identify traffic for specific adversary malware can be used to mitigate activity at the network level. 
T1573,M1031,Network Intrusion Prevention,Network intrusion detection and prevention systems that use network signatures to identify traffic for specific adversary malware can be used to mitigate activity at the network level.
T1602,M1031,Network Intrusion Prevention,Configure intrusion prevention devices to detect SNMP queries and commands from unauthorized sources.(Citation: US-CERT-TA18-106A)
T1001.003,M1031,Network Intrusion Prevention,Network intrusion detection and prevention systems that use network signatures to identify traffic for specific adversary malware can be used to mitigate some obfuscation activity at the network level.
T1071.004,M1031,Network Intrusion Prevention,Network intrusion detection and prevention systems that use network signatures to identify traffic for specific adversary malware can be used to mitigate activity at the network level. 
T1102.003,M1031,Network Intrusion Prevention,Network intrusion detection and prevention systems that use network signatures to identify traffic for specific adversary malware can be used to mitigate activity at the network level.
T1090,M1031,Network Intrusion Prevention,"Network intrusion detection and prevention systems that use network signatures to identify traffic for specific adversary malware can be used to mitigate activity at the network level. Signatures are often for unique indicators within protocols and may be based on the specific C2 protocol used by a particular adversary or tool, and will likely be different across various malware families and versions. Adversaries will likely change tool C2 signatures over time or construct protocols in such a way as to avoid detection by common defensive tools. (Citation: University of Birmingham C2)"
T1219,M1031,Network Intrusion Prevention,Network intrusion detection and prevention systems that use network signatures may be able to prevent traffic to remote access services.
T1542.004,M1031,Network Intrusion Prevention,"Network intrusion detection and prevention systems that use network signatures to identify traffic for specific protocols, such as TFTP, can be used to mitigate activity at the network level. Signatures are often for unique indicators within protocols and may be based on the specific technique used by a particular adversary or tool, and will likely be different across various network configurations.  "
T1571,M1031,Network Intrusion Prevention,Network intrusion detection and prevention systems that use network signatures to identify traffic for specific adversary malware can be used to mitigate activity at the network level.
T1071.005,M1031,Network Intrusion Prevention,Network intrusion detection and prevention systems that use network signatures to identify traffic for specific adversary malware can be used to mitigate activity at the network level.
T1132.001,M1031,Network Intrusion Prevention,"Network intrusion detection and prevention systems that use network signatures to identify traffic for specific adversary malware can be used to mitigate activity at the network level. Signatures are often for unique indicators within protocols and may be based on the specific obfuscation technique used by a particular adversary or tool, and will likely be different across various malware families and versions. Adversaries will likely change tool C2 signatures over time or construct protocols in such a way as to avoid detection by common defensive tools."
T1132.002,M1031,Network Intrusion Prevention,"Network intrusion detection and prevention systems that use network signatures to identify traffic for specific adversary malware can be used to mitigate activity at the network level. Signatures are often for unique indicators within protocols and may be based on the specific obfuscation technique used by a particular adversary or tool, and will likely be different across various malware families and versions. Adversaries will likely change tool C2 signatures over time or construct protocols in such a way as to avoid detection by common defensive tools."
T1102.002,M1031,Network Intrusion Prevention,Network intrusion detection and prevention systems that use network signatures to identify traffic for specific adversary malware can be used to mitigate activity at the network level.
T1190,M1016,Vulnerability Scanning,Regularly scan externally facing systems for vulnerabilities and establish procedures to rapidly patch systems when critical vulnerabilities are discovered through scanning and through public disclosure.(Citation: OWASP Top 10)
T1195.001,M1016,Vulnerability Scanning,Continuous monitoring of vulnerability sources and the use of automatic and manual code review tools should also be implemented as well.(Citation: OWASP Top 10)
T1195,M1016,Vulnerability Scanning,Continuous monitoring of vulnerability sources and the use of automatic and manual code review tools should also be implemented as well.(Citation: OWASP Top 10)
T1195.002,M1016,Vulnerability Scanning,Continuous monitoring of vulnerability sources and the use of automatic and manual code review tools should also be implemented as well.(Citation: OWASP Top 10)
T1210,M1016,Vulnerability Scanning,Regularly scan the internal network for available services to identify new and potentially vulnerable services.
T1542,M1035,Limit Access to Resource Over Network,"Prevent access to file shares, remote access to systems, unnecessary services. Mechanisms to limit access may include use of network concentrators, RDP gateways, etc."
T1557,M1035,Limit Access to Resource Over Network,Limit access to network infrastructure and resources that can be used to reshape traffic or otherwise produce AiTM conditions.
T1563.002,M1035,Limit Access to Resource Over Network,Use remote desktop gateways.
T1552.005,M1035,Limit Access to Resource Over Network,Limit access to the Instance Metadata API using a host-based firewall such as iptables.
T1612,M1035,Limit Access to Resource Over Network,"Limit communications with the container service to local Unix sockets or remote access via SSH. Require secure port access to communicate with the APIs over TLS by disabling unauthenticated access to the Docker API on port 2375. Instead, communicate with the Docker API over TLS on port 2376.(Citation: Docker Daemon Socket Protect)"
T1021.001,M1035,Limit Access to Resource Over Network,Use remote desktop gateways.
T1021,M1035,Limit Access to Resource Over Network,"Prevent unnecessary remote access to file shares, hypervisors, sensitive systems, etc. Mechanisms to limit access may include use of network concentrators, RDP gateways, etc.(Citation: Sygnia ESXi Ransomware 2024)"
T1200,M1035,Limit Access to Resource Over Network,"Establish network access control policies, such as using device certificates and the 802.1x standard. (Citation: Wikipedia 802.1x) Restrict use of DHCP to registered devices to prevent unregistered devices from communicating with trusted systems."
T1542.005,M1035,Limit Access to Resource Over Network,Restrict use of protocols without encryption or authentication mechanisms. Limit access to administrative and management interfaces from untrusted network sources. 
T1552.007,M1035,Limit Access to Resource Over Network,"Limit communications with the container service to managed and secured channels, such as local Unix sockets or remote access via SSH. Require secure port access to communicate with the APIs over TLS by disabling unauthenticated access to the Docker API and Kubernetes API Server.(Citation: Docker Daemon Socket Protect)(Citation: Kubernetes API Control Access) In Kubernetes clusters deployed in cloud environments, use native cloud platform features to restrict the IP ranges that are permitted to access to API server.(Citation: Kubernetes Cloud Native Security) Where possible, consider enabling just-in-time (JIT) access to the Kubernetes API to place additional restrictions on access.(Citation: Microsoft AKS Azure AD 2023)"
T1133,M1035,Limit Access to Resource Over Network,Limit access to remote services through centrally managed concentrators such as VPNs and other managed remote access systems.
T1552,M1035,Limit Access to Resource Over Network,"Limit network access to sensitive services, such as the Instance Metadata API."
T1021.002,M1035,Limit Access to Resource Over Network,Consider disabling Windows administrative shares.
T1613,M1035,Limit Access to Resource Over Network,"Limit communications with the container service to managed and secured channels, such as local Unix sockets or remote access via SSH. Require secure port access to communicate with the APIs over TLS by disabling unauthenticated access to the Docker API and Kubernetes API Server.(Citation: Docker Daemon Socket Protect)(Citation: Kubernetes API Control Access) In Kubernetes clusters deployed in cloud environments, use native cloud platform features to restrict the IP ranges that are permitted to access to API server.(Citation: Kubernetes Cloud Native Security) Where possible, consider enabling just-in-time (JIT) access to the Kubernetes API to place additional restrictions on access.(Citation: Microsoft AKS Azure AD 2023)"
T1190,M1035,Limit Access to Resource Over Network,"Ensure that all publicly exposed services are actually intended to be so, and restrict access to any that should only be available internally. "
T1557.002,M1035,Limit Access to Resource Over Network,Create static ARP entries for networked devices. Implementing static ARP entries may be infeasible for large networks.
T1546.008,M1035,Limit Access to Resource Over Network,"If possible, use a Remote Desktop Gateway to manage connections and security configuration of RDP within a network.(Citation: TechNet RDP Gateway)"
T1609,M1035,Limit Access to Resource Over Network,"Limit communications with the container service to managed and secured channels, such as local Unix sockets or remote access via SSH. Require secure port access to communicate with the APIs over TLS by disabling unauthenticated access to the Docker API and Kubernetes API Server.(Citation: Docker Daemon Socket Protect)(Citation: Kubernetes API Control Access) In Kubernetes clusters deployed in cloud environments, use native cloud platform features to restrict the IP ranges that are permitted to access to API server.(Citation: Kubernetes Cloud Native Security) Where possible, consider enabling just-in-time (JIT) access to the Kubernetes API to place additional restrictions on access.(Citation: Microsoft AKS Azure AD 2023)"
T1070.007,M1029,Remote Data Storage,"Automatically forward events to a log server or data repository to prevent conditions in which the adversary can locate and manipulate data on the local system. When possible, minimize time delay on event reporting to avoid prolonged storage on the local system."
T1119,M1029,Remote Data Storage,"Encryption and off-system storage of sensitive information may be one way to mitigate collection of files, but may not stop an adversary from acquiring the information if an intrusion persists over a long period of time and the adversary is able to discover and access the data through other means."
T1070,M1029,Remote Data Storage,"Automatically forward events to a log server or data repository to prevent conditions in which the adversary can locate and manipulate data on the local system. When possible, minimize time delay on event reporting to avoid prolonged storage on the local system. "
T1685.005,M1029,Remote Data Storage,"Automatically forward events to a log server or data repository to prevent conditions in which the adversary can locate and manipulate data on the local system. When possible, minimize time delay on event reporting to avoid prolonged storage on the local system."
T1565,M1029,Remote Data Storage,Consider implementing IT disaster recovery plans that contain procedures for taking regular data backups that can be used to restore organizational data.(Citation: Ready.gov IT DRP) Ensure backups are stored off system and is protected from common methods adversaries may use to gain access and manipulate backups.
T1565.001,M1029,Remote Data Storage,Consider implementing IT disaster recovery plans that contain procedures for taking regular data backups that can be used to restore organizational data.(Citation: Ready.gov IT DRP) Ensure backups are stored off system and is protected from common methods adversaries may use to gain access and manipulate backups.
T1070.003,M1029,Remote Data Storage,Forward logging of historical data to remote data store and centralized logging solution to preserve historical command line log data.
T1070.009,M1029,Remote Data Storage,"Automatically forward events to a log server or data repository to prevent conditions in which the adversary can locate and manipulate data on the local system. When possible, minimize time delay on event reporting to avoid prolonged storage on the local system. "
T1685.006,M1029,Remote Data Storage,"Automatically forward events to a log server or data repository to prevent conditions in which the adversary can locate and manipulate data on the local system. When possible, minimize time delay on event reporting to avoid prolonged storage on the local system."
T1070.008,M1029,Remote Data Storage,"Automatically forward mail data and events to a log server or data repository to prevent conditions in which the adversary can locate and manipulate data on the local system. When possible, minimize time delay on event reporting to avoid prolonged storage on the local system. "
T1072,M1029,Remote Data Storage,"If the application deployment system can be configured to deploy only signed binaries, then ensure that the trusted signing certificates are not co-located with the application deployment system and are instead located on a system that cannot be accessed remotely or to which remote access is tightly controlled."
T1205.001,M1037,Filter Network Traffic,"Mitigation of some variants of this technique could be achieved through the use of stateful firewalls, depending upon how it is implemented."
T1557,M1037,Filter Network Traffic,"Use network appliances and host-based security software to block network traffic that is not necessary within the environment, such as legacy protocols that may be leveraged for AiTM conditions."
T1572,M1037,Filter Network Traffic,Consider filtering network traffic to untrusted or known bad domains and resources. 
T1499.003,M1037,Filter Network Traffic,"Leverage services provided by Content Delivery Networks (CDN) or providers specializing in DoS mitigations to filter traffic upstream from services.(Citation: CERT-EU DDoS March 2017) Filter boundary traffic by blocking source addresses sourcing the attack, blocking ports that are being targeted, or blocking protocols being used for transport."
T1190,M1037,Filter Network Traffic,"Restrict outbound network traffic from public-facing servers to prevent unauthorized connections from initiating communications with attacker-controlled infrastructure. While this may not prevent the initial exploitation, it limits the attacker's ability to verify and control the compromised server post-exploit, reducing the overall impact of the attack."
T1557.003,M1037,Filter Network Traffic,"Consider filtering DHCP traffic on ports 67 and 68 to/from unknown or untrusted DHCP servers. Additionally, port security may also be enabled on layer switches. Furthermore, consider enabling DHCP snooping on layer 2 switches as it will prevent DHCP spoofing attacks and starvation attacks. Consider tracking available IP addresses through a script or a tool. 

Additionally, block DHCPv6 traffic and incoming router advertisements, especially if IPv6 is not commonly used in the network.(Citation: ntlm_relaying_kerberos_del)"
T1498.002,M1037,Filter Network Traffic,"When flood volumes exceed the capacity of the network connection being targeted, it is typically necessary to intercept the incoming traffic upstream to filter out the attack traffic from the legitimate traffic. Such defenses can be provided by the hosting Internet Service Provider (ISP) or by a 3rd party such as a Content Delivery Network (CDN) or providers specializing in DoS mitigations.(Citation: CERT-EU DDoS March 2017)

Depending on flood volume, on-premises filtering may be possible by blocking source addresses sourcing the attack, blocking ports that are being targeted, or blocking protocols being used for transport.(Citation: CERT-EU DDoS March 2017)

As immediate response may require rapid engagement of 3rd parties, analyze the risk associated to critical resources being affected by Network DoS attacks and create a disaster recovery plan/business continuity plan to respond to incidents.(Citation: CERT-EU DDoS March 2017)"
T1218,M1037,Filter Network Traffic,Use network appliances to filter ingress or egress traffic and perform protocol-based filtering. Configure software on endpoints to filter network traffic.
T1071.004,M1037,Filter Network Traffic,"Consider filtering DNS requests to unknown, untrusted, or known bad domains and resources. Resolving DNS requests with on-premise/proxy servers may also disrupt adversary attempts to conceal data within DNS packets. "
T1090.003,M1037,Filter Network Traffic,Traffic to known anonymity networks and C2 infrastructure can be blocked through the use of network allow and block lists. It should be noted that this kind of blocking may be circumvented by other techniques like [Domain Fronting](https://attack.mitre.org/techniques/T1090/004).
T1197,M1037,Filter Network Traffic,"Modify network and/or host firewall rules, as well as other network controls, to only allow legitimate BITS traffic."
T1205,M1037,Filter Network Traffic,"Mitigation of some variants of this technique could be achieved through the use of stateful firewalls, depending upon how it is implemented."
T1048.001,M1037,Filter Network Traffic,"Enforce proxies and use dedicated servers for services such as DNS and only allow those systems to communicate over respective ports/protocols, instead of all systems within a network. "
T1071.003,M1037,Filter Network Traffic,Limit the ability of servers and critical systems to initiate outbound email communications. Filtering SMTP/IMAP/POP3 traffic to only trusted mail servers reduces the risk of attackers using compromised systems to exfiltrate data via email or to receive commands from attacker-controlled email accounts.
T1021.005,M1037,Filter Network Traffic,"VNC defaults to TCP ports 5900 for the server, 5800 for browser access, and 5500 for a viewer in listening mode. Filtering or blocking these ports will inhibit VNC traffic utilizing default ports."
T1498,M1037,Filter Network Traffic,"When flood volumes exceed the capacity of the network connection being targeted, it is typically necessary to intercept the incoming traffic upstream to filter out the attack traffic from the legitimate traffic. Such defenses can be provided by the hosting Internet Service Provider (ISP) or by a 3rd party such as a Content Delivery Network (CDN) or providers specializing in DoS mitigations.(Citation: CERT-EU DDoS March 2017)

Depending on flood volume, on-premises filtering may be possible by blocking source addresses sourcing the attack, blocking ports that are being targeted, or blocking protocols being used for transport.(Citation: CERT-EU DDoS March 2017)

As immediate response may require rapid engagement of 3rd parties, analyze the risk associated to critical resources being affected by Network DoS attacks and create a disaster recovery plan/business continuity plan to respond to incidents.(Citation: CERT-EU DDoS March 2017)"
T1218.012,M1037,Filter Network Traffic,Consider modifying host firewall rules to prevent egress traffic from verclsid.exe.
T1499.002,M1037,Filter Network Traffic,"Leverage services provided by Content Delivery Networks (CDN) or providers specializing in DoS mitigations to filter traffic upstream from services.(Citation: CERT-EU DDoS March 2017) Filter boundary traffic by blocking source addresses sourcing the attack, blocking ports that are being targeted, or blocking protocols being used for transport."
T1499,M1037,Filter Network Traffic,"Leverage services provided by Content Delivery Networks (CDN) or providers specializing in DoS mitigations to filter traffic upstream from services.(Citation: CERT-EU DDoS March 2017) Filter boundary traffic by blocking source addresses sourcing the attack, blocking ports that are being targeted, or blocking protocols being used for transport. To defend against SYN floods, enable SYN Cookies."
T1570,M1037,Filter Network Traffic,Consider using the host firewall to restrict file sharing communications such as SMB. (Citation: Microsoft Preventing SMB)
T1552,M1037,Filter Network Traffic,Limit access to the Instance Metadata API. A properly configured Web Application Firewall (WAF) may help prevent external adversaries from exploiting Server-side Request Forgery (SSRF) attacks that allow access to the Cloud Instance Metadata API.(Citation: RedLock Instance Metadata API 2018)
T1499.004,M1037,Filter Network Traffic,"Leverage services provided by Content Delivery Networks (CDN) or providers specializing in DoS mitigations to filter traffic upstream from services.(Citation: CERT-EU DDoS March 2017) Filter boundary traffic by blocking source addresses sourcing the attack, blocking ports that are being targeted, or blocking protocols being used for transport."
T1071.002,M1037,Filter Network Traffic,"Filter outbound FTP/SFTP traffic from sensitive systems, allowing file transfers only to trusted internal or known IP addresses. This measure can prevent attackers from transferring data or payloads via FTP/SFTP channels to or from unauthorized external systems."
T1048,M1037,Filter Network Traffic,"Enforce proxies and use dedicated servers for services such as DNS and only allow those systems to communicate over respective ports/protocols, instead of all systems within a network. Cloud service providers support IP-based restrictions when accessing cloud resources. Consider using IP allowlisting along with user account management to ensure that data access is restricted not only to valid users but only from expected IP ranges to mitigate the use of stolen credentials to access data."
T1219,M1037,Filter Network Traffic,"Properly configure firewalls, application firewalls, and proxies to limit outgoing traffic to sites and services used by remote access software."
T1187,M1037,Filter Network Traffic,"
Block SMB traffic from exiting an enterprise network with egress filtering or by blocking TCP ports 139, 445 and UDP port 137. Filter or block WebDAV protocol traffic from exiting the network. If access to external resources over SMB and WebDAV is necessary, then traffic should be tightly limited with allowlisting. (Citation: US-CERT SMB Security) (Citation: US-CERT APT Energy Oct 2017)"
T1205.002,M1037,Filter Network Traffic,"Mitigation of some variants of this technique could be achieved through the use of stateful firewalls, depending upon how it is implemented."
T1498.001,M1037,Filter Network Traffic,"When flood volumes exceed the capacity of the network connection being targeted, it is typically necessary to intercept the incoming traffic upstream to filter out the attack traffic from the legitimate traffic. Such defenses can be provided by the hosting Internet Service Provider (ISP) or by a 3rd party such as a Content Delivery Network (CDN) or providers specializing in DoS mitigations.(Citation: CERT-EU DDoS March 2017)

Depending on flood volume, on-premises filtering may be possible by blocking source addresses sourcing the attack, blocking ports that are being targeted, or blocking protocols being used for transport.(Citation: CERT-EU DDoS March 2017)

As immediate response may require rapid engagement of 3rd parties, analyze the risk associated to critical resources being affected by Network DoS attacks and create a disaster recovery plan/business continuity plan to respond to incidents.(Citation: CERT-EU DDoS March 2017)"
T1602.002,M1037,Filter Network Traffic,Apply extended ACLs to block unauthorized protocols outside the trusted network.(Citation: US-CERT TA17-156A SNMP Abuse 2017)
T1105,M1037,Filter Network Traffic,"Use network filtering to block outbound traffic from compromised systems to unapproved external destinations. Restricting access to known, trusted IP addresses and protocols can prevent attackers from downloading malicious tools or payloads onto compromised servers after gaining initial access."
T1219.002,M1037,Filter Network Traffic,"Properly configure firewalls, application firewalls, and proxies to limit outgoing traffic to sites and services used by remote access software."
T1095,M1037,Filter Network Traffic,"Filter network traffic to prevent use of protocols across the network boundary that are unnecessary.  If VMCI is not required in ESXi environments, consider restricting guest virtual machines from accessing VMCI services.(Citation: Broadcom VMCI Firewall)"
T1048.003,M1037,Filter Network Traffic,"Enforce proxies and use dedicated servers for services such as DNS and only allow those systems to communicate over respective ports/protocols, instead of all systems within a network. "
T1071.005,M1037,Filter Network Traffic,Consider filtering publish/subscribe protocol requests to untrusted or known bad resources over irregular ports (e.g. MQTT’s standard ports are 1883 or 8883).
T1090,M1037,Filter Network Traffic,Traffic to known anonymity networks and C2 infrastructure can be blocked through the use of network allow and block lists. It should be noted that this kind of blocking may be circumvented by other techniques like [Domain Fronting](https://attack.mitre.org/techniques/T1090/004).
T1499.001,M1037,Filter Network Traffic,"Leverage services provided by Content Delivery Networks (CDN) or providers specializing in DoS mitigations to filter traffic upstream from services.(Citation: CERT-EU DDoS March 2017) Filter boundary traffic by blocking source addresses sourcing the attack, blocking ports that are being targeted, or blocking protocols being used for transport. To defend against SYN floods, enable SYN Cookies."
T1537,M1037,Filter Network Traffic,Implement network-based filtering restrictions to prohibit data transfers to untrusted VPCs.
T1602,M1037,Filter Network Traffic,Apply extended ACLs to block unauthorized protocols outside the trusted network.(Citation: US-CERT TA17-156A SNMP Abuse 2017)
T1599,M1037,Filter Network Traffic,"Upon identifying a compromised network device being used to bridge a network boundary, block the malicious packets using an unaffected network device in path, such as a firewall or a router that has not been compromised.  Continue to monitor for additional activity and to ensure that the blocks are indeed effective."
T1021.002,M1037,Filter Network Traffic,Consider using the host firewall to restrict file sharing communications such as SMB. (Citation: Microsoft Preventing SMB)
T1557.002,M1037,Filter Network Traffic,Consider enabling DHCP Snooping and Dynamic ARP Inspection on switches to create mappings between IP addresses requested via DHCP and ARP tables and tie the values to a port on the switch that may block bogus traffic.(Citation: Cisco ARP Poisoning Mitigation 2016)(Citation: Juniper DAI 2020)
T1530,M1037,Filter Network Traffic,Cloud service providers support IP-based restrictions when accessing cloud resources. Consider using IP allowlisting along with user account management to ensure that data access is restricted not only to valid users but only from expected IP ranges to mitigate the use of stolen credentials to access data.
T1048.002,M1037,Filter Network Traffic,"Enforce proxies and use dedicated servers for services such as DNS and only allow those systems to communicate over respective ports/protocols, instead of all systems within a network. "
T1071.001,M1037,Filter Network Traffic,"Restrict and monitor outbound web traffic (HTTP/HTTPS) from critical servers to only approved destinations. Limiting the ability to initiate outbound HTTP/HTTPS connections, especially from public-facing servers, can prevent attackers from using tools like curl or wget to communicate with external C2 servers or download malicious payloads."
T1602.001,M1037,Filter Network Traffic,Apply extended ACLs to block unauthorized protocols outside the trusted network.(Citation: US-CERT TA17-156A SNMP Abuse 2017)
T1071,M1037,Filter Network Traffic,Use network appliances to filter ingress or egress traffic and perform protocol-based filtering. Configure software on endpoints to filter network traffic.
T1599.001,M1037,Filter Network Traffic,"Block Traffic	Upon identifying a compromised network device being used to bridge a network boundary, block the malicious packets using an unaffected network device in path, such as a firewall or a router that has not been compromised.  Continue to monitor for additional activity and to ensure that the blocks are indeed effective."
T1557.001,M1037,Filter Network Traffic,Use host-based security software to block LLMNR/NetBIOS/mDNS traffic. Enabling SMB Signing can stop NTLMv2 relay attacks.(Citation: byt3bl33d3r NTLM Relaying)(Citation: Secure Ideas SMB Relay)(Citation: Microsoft SMB Packet Signing)
T1552.005,M1037,Filter Network Traffic,Limit access to the Instance Metadata API. A properly configured Web Application Firewall (WAF) may help prevent external adversaries from exploiting Server-side Request Forgery (SSRF) attacks that allow access to the Cloud Instance Metadata API.(Citation: RedLock Instance Metadata API 2018)
T1659,M1021,Restrict Web-Based Content,Consider blocking download/transfer and execution of potentially uncommon file types known to be used in adversary campaigns.
T1102.002,M1021,Restrict Web-Based Content,Web proxies can be used to enforce external network communication policy that prevents use of unauthorized external services.
T1566.002,M1021,Restrict Web-Based Content,Determine if certain websites that can be used for spearphishing are necessary for business operations and consider blocking access if activity cannot be monitored well or if it poses a significant risk.
T1528,M1021,Restrict Web-Based Content,"Administrators can block end-user consent to OAuth applications, disabling users from authorizing third-party apps through OAuth 2.0 and forcing administrative consent for all requests. They can also block end-user registration of applications by their users, to reduce risk. A Cloud Access Security Broker can also be used to ban applications.

Azure offers a couple of enterprise policy settings in the Azure Management Portal that may help:

""Users -> User settings -> App registrations: Users can register applications"" can be set to ""no"" to prevent users from registering new applications. 
""Enterprise applications -> User settings -> Enterprise applications: Users can consent to apps accessing company data on their behalf"" can be set to ""no"" to prevent users from consenting to allow third-party multi-tenant applications"
T1539,M1021,Restrict Web-Based Content,"Restrict or block web-based content that could be used to extract session cookies or credentials stored in browsers. Use browser security settings, such as disabling third-party cookies and restricting browser extensions, to limit the attack surface."
T1218.001,M1021,Restrict Web-Based Content,"Consider blocking download/transfer and execution of potentially uncommon file types known to be used in adversary campaigns, such as CHM files"
T1568,M1021,Restrict Web-Based Content,In some cases a local DNS sinkhole may be used to help prevent behaviors associated with dynamic resolution.
T1102.001,M1021,Restrict Web-Based Content,Web proxies can be used to enforce external network communication policy that prevents use of unauthorized external services.
T1204,M1021,Restrict Web-Based Content,"If a link is being visited by a user, block unknown or unused files in transit by default that should not be downloaded or by policy from suspicious sites as a best practice to prevent some vectors, such as .scr, .exe, .pif, .cpl, etc. Some download scanning devices can open and analyze compressed and encrypted formats, such as zip and rar that may be used to conceal malicious files."
T1133,M1021,Restrict Web-Based Content,Restrict all traffic to and from public Tor nodes. (Citation: Defending Against Malicious Cyber Activity Originating from Tor)
T1189,M1021,Restrict Web-Based Content,"Adblockers can help prevent malicious code served through ads from executing in the first place. Script blocking extensions can also help to prevent the execution of JavaScript. 

Consider disabling browser push notifications from certain applications and browsers.(Citation: mac security virus popup)(Citation: push notifications -infosecinstitute)(Citation: site notifications - krebsonsecurity)"
T1566.003,M1021,Restrict Web-Based Content,"Determine if certain social media sites, personal webmail services, or other service that can be used for spearphishing is necessary for business operations and consider blocking access if activity cannot be monitored well or if it poses a significant risk."
T1567,M1021,Restrict Web-Based Content,Web proxies can be used to enforce an external network communication policy that prevents use of unauthorized external services.
T1568.002,M1021,Restrict Web-Based Content,In some cases a local DNS sinkhole may be used to help prevent DGA-based command and control at a reduced cost.
T1550.001,M1021,Restrict Web-Based Content,"Update corporate policies to restrict what types of third-party applications may be added to any online service or tool that is linked to the company's information, accounts or network (e.g., Google, Microsoft, Dropbox, Basecamp, GitHub). However, rather than providing high-level guidance on this, be extremely specific—include a list of per-approved applications and deny all others not on the list. Administrators may also block end-user consent through administrative portals, such as the Azure Portal, disabling users from authorizing third-party apps through OAuth and forcing administrative consent.(Citation: Microsoft Azure AD Admin Consent)"
T1102,M1021,Restrict Web-Based Content,Web proxies can be used to enforce external network communication policy that prevents use of unauthorized external services.
T1566,M1021,Restrict Web-Based Content,"Determine if certain websites or attachment types (ex: .scr, .exe, .pif, .cpl, etc.) that can be used for phishing are necessary for business operations and consider blocking access if activity cannot be monitored well or if it poses a significant risk."
T1204.004,M1021,Restrict Web-Based Content,"If a link is being requested by a user, block unknown or unused files in transit by default that should not be downloaded or by policy from suspicious sites as a best practice to prevent some vectors, such as `.scr`, `.exe`, `.pif`, `.cpl`, etc.  "
T1059.005,M1021,Restrict Web-Based Content,"Script blocking extensions can help prevent the execution of scripts and HTA files that may commonly be used during the exploitation process. For malicious code served up through ads, adblockers can help prevent that code from executing in the first place."
T1102.003,M1021,Restrict Web-Based Content,Web proxies can be used to enforce external network communication policy that prevents use of unauthorized external services.
T1127,M1021,Restrict Web-Based Content,Consider disabling software installation or execution from the internet via developer utilities.
T1059.007,M1021,Restrict Web-Based Content,"Script blocking extensions can help prevent the execution of JavaScript and HTA files that may commonly be used during the exploitation process. For malicious code served up through ads, adblockers can help prevent that code from executing in the first place."
T1555.003,M1021,Restrict Web-Based Content,"Restrict or block web-based content that could be used to extract session cookies or credentials stored in browsers. Use browser security settings, such as disabling third-party cookies and restricting browser extensions, to limit the attack surface."
T1567.002,M1021,Restrict Web-Based Content,Web proxies can be used to enforce an external network communication policy that prevents use of unauthorized external services.
T1059,M1021,Restrict Web-Based Content,"Script blocking extensions can help prevent the execution of scripts and HTA files that may commonly be used during the exploitation process. For malicious code served up through ads, adblockers can help prevent that code from executing in the first place."
T1218,M1021,Restrict Web-Based Content,"Restrict use of certain websites, block downloads/attachments, block Javascript, restrict browser extensions, etc."
T1567.001,M1021,Restrict Web-Based Content,Web proxies can be used to enforce an external network communication policy that prevents use of unauthorized external services.
T1127.002,M1021,Restrict Web-Based Content,"Disable ClickOnce installations from the internet using the following registry key: 
`\HKEY_LOCAL_MACHINE\SOFTWARE\Microsoft\.NETFramework\Security\TrustManager\PromptingLevel — Internet:Disabled`(Citation: NetSPI ClickOnce)"
T1204.001,M1021,Restrict Web-Based Content,"If a link is being visited by a user, block unknown or unused files in transit by default that should not be downloaded or by policy from suspicious sites as a best practice to prevent some vectors, such as .scr, .exe, .pif, .cpl, etc. Some download scanning devices can open and analyze compressed and encrypted formats, such as zip and rar that may be used to conceal malicious files."
T1566.001,M1021,Restrict Web-Based Content,"Block unknown or unused attachments by default that should not be transmitted over email as a best practice to prevent some vectors, such as .scr, .exe, .pif, .cpl, etc. Some email scanning devices can open and analyze compressed and encrypted formats, such as zip and rar that may be used to conceal malicious attachments."
T1176.001,M1033,Limit Software Installation,Only install browser extensions from trusted sources that can be verified. Browser extensions for some browsers can be controlled through Group Policy. Change settings to prevent the browser from installing extensions without sufficient permissions.
T1204.005,M1033,Limit Software Installation,"Where possible, consider requiring developers to pull from internal repositories containing verified and approved packages rather than from external ones. "
T1195.001,M1033,Limit Software Installation,"Where possible, consider requiring developers to pull from internal repositories containing verified and approved packages rather than from external ones.(Citation: Cider Security Top 10 CICD Security Risks)"
T1059,M1033,Limit Software Installation,Prevent user installation of unrequired command and scripting interpreters.
T1564,M1033,Limit Software Installation,"Restrict the installation of software that may be abused to create hidden desktops, such as hVNC, to user groups that require it."
T1059.011,M1033,Limit Software Installation,Prevent users from installing Lua where not required.
T1176,M1033,Limit Software Installation,Only install extensions from trusted sources that can be verified.
T1543,M1033,Limit Software Installation,Restrict software installation to trusted repositories only and be cautious of orphaned software packages.
T1564.003,M1033,Limit Software Installation,"Restrict the installation of software that may be abused to create hidden desktops, such as hVNC, to user groups that require it."
T1072,M1033,Limit Software Installation,Restrict the use of third-party software suites installed within an enterprise network. 
T1547.013,M1033,Limit Software Installation,Restrict software installation to trusted repositories only and be cautious of orphaned software packages.
T1176.002,M1033,Limit Software Installation,Only install IDE extensions from trusted sources that can be verified.  
T1059.006,M1033,Limit Software Installation,Prevent users from installing Python where not required.
T1204,M1033,Limit Software Installation,"Where possible, consider requiring developers to pull from internal repositories containing verified and approved packages rather than from external ones."
T1195,M1033,Limit Software Installation,"Where possible, consider requiring developers to pull from internal repositories containing verified and approved packages rather than from external ones.(Citation: Cider Security Top 10 CICD Security Risks)"
T1543.002,M1033,Limit Software Installation,Restrict software installation to trusted repositories only and be cautious of orphaned software packages.
T1021.005,M1033,Limit Software Installation,Restrict software installation to user groups that require it. A VNC server must be manually installed by the user or adversary.
T1496.003,M1013,Application Developer Guidance,Consider implementing CAPTCHA protection on forms that send messages via SMS. 
T1647,M1013,Application Developer Guidance,Ensure applications are using Apple's developer guidance which enables hardened runtime.(Citation: Apple Developer Doco Hardened Runtime)
T1195,M1013,Application Developer Guidance,"Application developers should be cautious when selecting third-party libraries to integrate into their application. Additionally, where possible, developers should lock software dependencies to specific versions rather than pulling the latest version on build.(Citation: Cider Security Top 10 CICD Security Risks)"
T1574,M1013,Application Developer Guidance,"When possible, include hash values in manifest files to help prevent side-loading of malicious libraries.(Citation: FireEye DLL Side-Loading)"
T1564,M1013,Application Developer Guidance,"Application developers should consider limiting the requirements for custom or otherwise difficult to manage file/folder exclusions. Where possible, install applications to trusted system folder paths that are already protected by restricted file and directory permissions."
T1212,M1013,Application Developer Guidance,"Application developers should consider taking measures to validate authentication requests by enabling one-time passwords, providing timestamps or sequence numbers for messages sent, using digital signatures, and/or using random session keys.(Citation: Comparitech Replay Attack)(Citation: Bugcrowd Replay Attack)"
T1564.012,M1013,Application Developer Guidance,"Application developers should consider limiting the requirements for custom or otherwise difficult to manage file/folder exclusions. Where possible, install applications to trusted system folder paths that are already protected by restricted file and directory permissions."
T1550.001,M1013,Application Developer Guidance,"Consider implementing token binding strategies, such as Azure AD token protection or OAuth Proof of Possession, that cryptographically bind a token to a secret. This may prevent the token from being used without knowledge of the secret or possession of the device the token is tied to.(Citation: Microsoft Token Protection 2023)(Citation: Okta DPoP 2023)"
T1559.003,M1013,Application Developer Guidance,Enable the Hardened Runtime capability when developing applications. Do not include the <code>com.apple.security.get-task-allow</code> entitlement with the value set to any variation of true. 
T1550,M1013,Application Developer Guidance,"Consider implementing token binding strategies, such as Azure AD token protection or OAuth Proof of Possession, that cryptographically bind a token to a secret. This may prevent the token from being used without knowledge of the secret or possession of the device the token is tied to.(Citation: Microsoft Token Protection 2023)(Citation: Okta DPoP 2023)"
T1593.003,M1013,Application Developer Guidance,Application developers uploading to public code repositories should be careful to avoid publishing sensitive information such as credentials and API keys.
T1078,M1013,Application Developer Guidance,"Ensure that applications do not store sensitive data or credentials insecurely. (e.g. plaintext credentials in code, published credentials in repositories, or credentials in public cloud storage)."
T1564.009,M1013,Application Developer Guidance,Configure applications to use the application bundle structure which leverages the <code>/Resources</code> folder location.(Citation: Apple App Security Overview) 
T1574.001,M1013,Application Developer Guidance,"When possible, include hash values in manifest files to help prevent side-loading of malicious libraries. "
T1195.001,M1013,Application Developer Guidance,"Application developers should be cautious when selecting third-party libraries to integrate into their application. Additionally, where possible, developers should lock software dependencies to specific versions rather than pulling the latest version on build.(Citation: Cider Security Top 10 CICD Security Risks) GitHub Actions may be pinned to a specific commit hash rather than a tag or branch.(Citation: Unit 42 Palo Alto GitHub Actions Supply Chain Attack 2025) "
T1593,M1013,Application Developer Guidance,Application developers uploading to public code repositories should be careful to avoid publishing sensitive information such as credentials and API keys.
T1559,M1013,Application Developer Guidance,Enable the Hardened Runtime capability when developing applications. Do not include the <code>com.apple.security.get-task-allow</code> entitlement with the value set to any variation of true. 
T1219.003,M1034,Limit Hardware Installation,Block the use of IP-based KVM devices within the network if they are not required. 
T1674,M1034,Limit Hardware Installation,Limit the use of USB devices and removable media within a network.
T1091,M1034,Limit Hardware Installation,Limit the use of USB devices and removable media within a network.
T1219,M1034,Limit Hardware Installation,Block the use of IP-based KVM devices within the network if they are not required. 
T1200,M1034,Limit Hardware Installation,Block unknown devices and accessories by endpoint security configuration and monitoring agent.
T1052.001,M1034,Limit Hardware Installation,Limit the use of USB devices and removable media within a network.
T1052,M1034,Limit Hardware Installation,Limit the use of USB devices and removable media within a network.
T1566.003,M1017,User Training,Users can be trained to identify social engineering techniques and spearphishing messages with malicious links.
T1566.004,M1017,User Training,"Users can be trained to identify and report social engineering techniques and spearphishing attempts, while also being suspicious of and verifying the identify of callers.(Citation: CISA Phishing)"
T1204,M1017,User Training,Use user training as a way to bring awareness to common phishing and spearphishing techniques and how to raise suspicion for potentially malicious events.
T1213.003,M1017,User Training,Develop and publish policies that define acceptable information to be stored in code repositories.
T1552,M1017,User Training,Ensure that developers and system administrators are aware of the risk associated with having plaintext passwords in software configuration files that may be left on endpoint systems or servers.
T1213.006,M1017,User Training,Develop and publish policies that define acceptable information to be stored in databases and acceptable handling of customer data. Only store information required for business operations. 
T1036,M1017,User Training,Train users not to open email attachments or click unknown links (URLs). Such training fosters more secure habits within your organization and will limit many of the risks.  
T1213,M1017,User Training,Develop and publish policies that define acceptable information to be stored in repositories.
T1598,M1017,User Training,Users can be trained to identify social engineering techniques and spearphishing attempts.
T1213.001,M1017,User Training,Develop and publish policies that define acceptable information to be stored in Confluence repositories.
T1078.002,M1017,User Training,Applications may send push notifications to verify a login as a form of multi-factor authentication (MFA). Train users to only accept valid push notifications and to report suspicious push notifications.
T1557.002,M1017,User Training,Train users to be suspicious about certificate errors. Adversaries may use their own certificates in an attempt to intercept HTTPS traffic. Certificate errors may arise when the application’s certificate does not match the one expected by the host.
T1598.003,M1017,User Training,"Users can be trained to identify social engineering techniques and spearphishing attempts. Additionally, users may perform visual checks of the domains they visit; however, homographs in ASCII and in IDN domains and URL schema obfuscation may render manual checks difficult. Phishing training and other cybersecurity training may raise awareness to check URLs before visiting the sites."
T1213.005,M1017,User Training,Develop and publish policies that define acceptable information to be posted in chat applications. 
T1598.004,M1017,User Training,"Users can be trained to identify and report social engineering techniques and spearphishing attempts, while also being suspicious of and verifying the identify of callers.(Citation: CISA Phishing)"
T1213.004,M1017,User Training,Develop and publish policies that define acceptable information to be stored in CRM databases and acceptable handling of customer data. Only store customer information required for business operations. 
T1684.001,M1017,User Training,"Train users to be aware of impersonation tricks and how to counter them, for example confirming incoming requests through an independent platform like a phone call or in-person, to reduce risk."
T1598.001,M1017,User Training,Users can be trained to identify social engineering techniques and spearphishing attempts.
T1557,M1017,User Training,Train users to be suspicious about certificate errors. Adversaries may use their own certificates in an attempt to intercept HTTPS traffic. Certificate errors may arise when the application’s certificate does not match the one expected by the host.
T1003.005,M1017,User Training,Limit credential overlap across accounts and systems by training users and administrators not to use the same password for multiple accounts.
T1003.003,M1017,User Training,Limit credential overlap across accounts and systems by training users and administrators not to use the same password for multiple accounts.
T1185,M1017,User Training,Close all browser sessions regularly and when they are no longer needed.
T1072,M1017,User Training,Have a strict approval policy for use of deployment systems.
T1204.003,M1017,User Training,Train users to be aware of the existence of malicious images and how to avoid deploying instances and containers from them.
T1657,M1017,User Training,"Train and encourage users to identify social engineering techniques used to enable financial theft. Also consider training users on procedures to prevent and respond to swatting and doxing, acts increasingly deployed by financially motivated groups to further coerce victims into satisfying ransom/extortion demands.(Citation: Cyber Safety Review Board: Lapsus)(Citation: SWAT-hospital)"
T1555.005,M1017,User Training,"Provide user training on secure practices for managing credentials, including avoiding storing sensitive passwords in browsers and using password managers securely. Users should also be educated on identifying phishing attempts that could steal session cookies or credentials."
T1552.001,M1017,User Training,Ensure that developers and system administrators are aware of the risk associated with having plaintext passwords in software configuration files that may be left on endpoint systems or servers.
T1036.007,M1017,User Training,"Train users to look for double extensions in filenames, and in general use training as a way to bring awareness to common phishing and spearphishing techniques and how to raise suspicion for potentially malicious events."
T1111,M1017,User Training,Remove smart cards when not in use.
T1204.005,M1017,User Training,Train developers to be aware of the existence of malicious libraries and how to avoid installing them. 
T1528,M1017,User Training,"Users need to be trained to not authorize third-party applications they don’t recognize. The user should pay particular attention to the redirect URL: if the URL is a misspelled or convoluted sequence of words related to an expected service or SaaS application, the website is likely trying to spoof a legitimate service. Users should also be cautious about the permissions they are granting to apps. For example, offline access and access to read emails should excite higher suspicions because adversaries can utilize SaaS APIs to discover credentials and other sensitive communications."
T1555.003,M1017,User Training,"Provide user training on secure practices for managing credentials, including avoiding storing sensitive passwords in browsers and using password managers securely. Users should also be educated on identifying phishing attempts that could steal session cookies or credentials."
T1598.002,M1017,User Training,Users can be trained to identify social engineering techniques and spearphishing attempts.
T1176.002,M1017,User Training,"Train users to minimize IDE extension use, and to only install trusted extensions. "
T1176,M1017,User Training,"Train users to minimize extension use, and to only install trusted extensions. "
T1221,M1017,User Training,Train users to identify social engineering techniques and spearphishing emails that could be used to deliver malicious documents.
T1003.001,M1017,User Training,Limit credential overlap across accounts and systems by training users and administrators not to use the same password for multiple accounts.
T1056.002,M1017,User Training,Use user training as a way to bring awareness and raise suspicion for potentially malicious events and dialog boxes (ex: Office documents prompting for credentials).
T1556.001,M1017,User Training,"Train users to recognize and handle suspicious email attachments. Emphasize the importance of caution when opening attachments from unknown or unexpected sources, even if they appear legitimate. Implement email warning banners to alert users about emails originating from outside the organization or containing attachments, reinforcing awareness and helping users identify potential spearphishing attempts."
T1557.004,M1017,User Training,Train users to be suspicious about access points marked as “Open” or “Unsecure” as well as certificate errors. Certificate errors may arise when the application’s certificate does not match the one expected by the host.
T1176.001,M1017,User Training,Close out all browser sessions when finished using them to prevent any potentially malicious extensions from continuing to run.
T1566.001,M1017,User Training,Users can be trained to identify social engineering techniques and spearphishing emails.
T1189,M1017,User Training,"Train users to be aware of access or manipulation attempts by an adversary to reduce the risk of successful spearphishing, social engineering, and other techniques that involve user interaction."
T1078.004,M1017,User Training,Applications may send push notifications to verify a login as a form of multi-factor authentication (MFA). Train users to only accept valid push notifications and to report suspicious push notifications.
T1213.002,M1017,User Training,Develop and publish policies that define acceptable information to be stored in SharePoint repositories.
T1566.002,M1017,User Training,"Users can be trained to identify social engineering techniques and spearphishing emails with malicious links which includes phishing for consent with OAuth 2.0. Additionally, users may perform visual checks of the domains they visit; however, homographs in ASCII and in IDN domains and URL schema obfuscation may render manual checks difficult. Use email warning banners to alert users when emails contain links from external senders, prompting them to exercise caution and reducing the likelihood of falling victim to spearphishing attacks. Phishing training and other cybersecurity training may raise awareness to check URLs before visiting the sites."
T1684,M1017,User Training,Reduces success of phishing/vishing/impersonation and modern “human interface” lures.(Citation: SE SentinelOne 2)(Citation: Sophos User Interaction)(Citation: Unit 42 Global Incident Response Report 2026)
T1552.008,M1017,User Training,Ensure that developers and system administrators are aware of the risk associated with sharing unsecured passwords across communication services.
T1204.001,M1017,User Training,Use user training as a way to bring awareness to common phishing and spearphishing techniques and how to raise suspicion for potentially malicious events.
T1204.002,M1017,User Training,Use user training as a way to bring awareness to common phishing and spearphishing techniques and how to raise suspicion for potentially malicious events.
T1003.002,M1017,User Training,Limit credential overlap across accounts and systems by training users and administrators not to use the same password for multiple accounts.
T1003.004,M1017,User Training,Limit credential overlap across accounts and systems by training users and administrators not to use the same password for multiple accounts.
T1078,M1017,User Training,Applications may send push notifications to verify a login as a form of multi-factor authentication (MFA). Train users to only accept valid push notifications and to report suspicious push notifications.
T1566,M1017,User Training,Users can be trained to identify social engineering techniques and phishing emails.
T1667,M1017,User Training,Train users to be aware of access or manipulation attempts by an adversary to reduce the risk of successful social engineering via e-mail bombing.
T1027,M1017,User Training,Ensure that a finite amount of ingress points to a software deployment system exist with restricted access for those required to allow and enable newly deployed software.
T1547.007,M1017,User Training,Holding the Shift key while logging in prevents apps from opening automatically.(Citation: Re-Open windows on Mac)
T1539,M1017,User Training,"Train users to identify aspects of phishing attempts where they're asked to enter credentials into a site that has the incorrect domain for the application they are logging into. Additionally, train users not to run untrusted JavaScript in their browser, such as by copying and pasting code or dragging and dropping bookmarklets."
T1621,M1017,User Training,"Train users to only accept 2FA/MFA requests from login attempts they initiated, to review source location of the login attempt prompting the 2FA/MFA requests, and to report suspicious/unsolicited prompts."
T1574,M1052,User Account Control,"Turn off UAC's privilege elevation for standard users <code>[HKEY_LOCAL_MACHINE\SOFTWARE\Microsoft\Windows\CurrentVersion\Policies\System]</code> to automatically deny elevation requests, add: <code>""ConsentPromptBehaviorUser""=dword:00000000</code>. Consider enabling installer detection for all users by adding: <code>""EnableInstallerDetection""=dword:00000001</code>. This will prompt for a password for installation and also log the attempt. To disable installer detection, instead add: <code>""EnableInstallerDetection""=dword:00000000</code>. This may prevent potential elevation of privileges through exploitation during the process of UAC detecting the installer, but will allow the installation process to continue without being logged.  (Citation: Executable Installers are Vulnerable)"
T1550.002,M1052,User Account Control,"Enable pass the hash mitigations to apply UAC restrictions to local accounts on network logon. The associated Registry key is located <code>HKLM\SOFTWARE\Microsoft\Windows\CurrentVersion\Policies\System\LocalAccountTokenFilterPolicy</code>.

Through GPO: Computer Configuration > [Policies] > Administrative Templates > SCM: Pass the Hash Mitigations: Apply UAC restrictions to local accounts on network logons.(Citation: GitHub IAD Secure Host Baseline UAC Filtering)"
T1546.011,M1052,User Account Control,"Changing UAC settings to ""Always Notify"" will give the user more visibility when UAC elevation is requested, however, this option will not be popular among users due to the constant UAC interruptions."
T1574.005,M1052,User Account Control,"Turn off UAC's privilege elevation for standard users <code>[HKEY_LOCAL_MACHINE\SOFTWARE\Microsoft\Windows\CurrentVersion\Policies\System]</code> to automatically deny elevation requests, add: <code>""ConsentPromptBehaviorUser""=dword:00000000</code>. Consider enabling installer detection for all users by adding: <code>""EnableInstallerDetection""=dword:00000001</code>. This will prompt for a password for installation and also log the attempt. To disable installer detection, instead add: <code>""EnableInstallerDetection""=dword:00000000</code>. This may prevent potential elevation of privileges through exploitation during the process of UAC detecting the installer, but will allow the installation process to continue without being logged.  (Citation: Executable Installers are Vulnerable)"
T1548,M1052,User Account Control,"Although UAC bypass techniques exist, it is still prudent to use the highest enforcement level for UAC when possible and mitigate bypass opportunities that exist with techniques such as [DLL](https://attack.mitre.org/techniques/T1574/001)."
T1548.002,M1052,User Account Control,"Although UAC bypass techniques exist, it is still prudent to use the highest enforcement level for UAC when possible and mitigate bypass opportunities that exist with techniques such as [DLL](https://attack.mitre.org/techniques/T1574/001)."
T1574.010,M1052,User Account Control,"Turn off UAC's privilege elevation for standard users <code>[HKEY_LOCAL_MACHINE\SOFTWARE\Microsoft\Windows\CurrentVersion\Policies\System]</code>to automatically deny elevation requests, add: <code>""ConsentPromptBehaviorUser""=dword:00000000</code>. Consider enabling installer detection for all users by adding: <code>""EnableInstallerDetection""=dword:00000001</code>. This will prompt for a password for installation and also log the attempt. To disable installer detection, instead add: <code>""EnableInstallerDetection""=dword:00000000</code>. This may prevent potential elevation of privileges through exploitation during the process of UAC detecting the installer, but will allow the installation process to continue without being logged.(Citation: Executable Installers are Vulnerable)"
T1574.006,M1028,Operating System Configuration,"When System Integrity Protection (SIP) is enabled in macOS, the aforementioned environment variables are ignored when executing protected binaries. Third-party applications can also leverage Apple’s Hardened Runtime, ensuring these environment variables are subject to imposed restrictions.(Citation: Apple Developer Doco Hardened Runtime) Admins can add restrictions to applications by setting the setuid and/or setgid bits, use entitlements, or have a __RESTRICT segment in the Mach-O binary."
T1087.001,M1028,Operating System Configuration,Prevent administrator accounts from being enumerated when an application is elevating through UAC since it can lead to the disclosure of account names. The Registry key is located at <code>HKLM\ SOFTWARE\Microsoft\Windows\CurrentVersion\Policies\CredUI\EnumerateAdministrators</code>. It can be disabled through GPO: Computer Configuration > [Policies] > Administrative Templates > Windows Components > Credential User Interface: Enumerate administrator accounts on elevation.(Citation: UCF STIG Elevation Account Enumeration)
T1553,M1028,Operating System Configuration,Windows Group Policy can be used to manage root certificates and the <code>Flags</code> value of <code>HKLM\\SOFTWARE\\Policies\\Microsoft\\SystemCertificates\\Root\\ProtectedRoots</code> can be set to 1 to prevent non-administrator users from making further root installations into their own HKCU certificate store. (Citation: SpectorOps Code Signing Dec 2017)
T1053.002,M1028,Operating System Configuration,"Configure settings for scheduled tasks to force tasks to run under the context of the authenticated account instead of allowing them to run as SYSTEM. The associated Registry key is located at <code>HKLM\SYSTEM\CurrentControlSet\Control\Lsa\SubmitControl</code>. The setting can be configured through GPO: Computer Configuration > [Policies] > Windows Settings > Security Settings > Local Policies > Security Options: Domain Controller: Allow server operators to schedule tasks, set to disabled. (Citation: TechNet Server Operator Scheduled Task) "
T1543.003,M1028,Operating System Configuration,Ensure that Driver Signature Enforcement is enabled to restrict unsigned drivers from being installed. 
T1548.001,M1028,Operating System Configuration,"Applications with known vulnerabilities or known shell escapes should not have the setuid or setgid bits set to reduce potential damage if an application is compromised. Additionally, the number of programs with setuid or setgid bits set should be minimized across a system."
T1542.005,M1028,Operating System Configuration,"Follow vendor device hardening best practices to disable unnecessary and unused features and services, avoid using default configurations and passwords, and introduce logging and auditing for detection."
T1021.001,M1028,Operating System Configuration,Change GPOs to define shorter timeouts sessions and maximum amount of time any single session can be active. Change GPOs to specify the maximum amount of time that a disconnected session stays active on the RD session host server.(Citation: Windows RDP Sessions)
T1003.001,M1028,Operating System Configuration,Consider disabling or restricting NTLM.(Citation: Microsoft Disable NTLM Nov 2012) Consider disabling WDigest authentication.(Citation: Microsoft WDigest Mit)
T1552,M1028,Operating System Configuration,"There are multiple methods of preventing a user's command history from being flushed to their .bash_history file, including use of the following commands:
<code>set +o history</code> and <code>set -o history</code> to start logging again;
<code>unset HISTFILE</code> being added to a user's .bash_rc file; and
<code>ln -s /dev/null ~/.bash_history</code> to write commands to <code>/dev/null</code>instead."
T1548,M1028,Operating System Configuration,"Applications with known vulnerabilities or known shell escapes should not have the setuid or setgid bits set to reduce potential damage if an application is compromised. Additionally, the number of programs with setuid or setgid bits set should be minimized across a system. Ensuring that the sudo tty_tickets setting is enabled will prevent this leakage across tty sessions."
T1197,M1028,Operating System Configuration,"
Consider reducing the default BITS job lifetime in Group Policy or by editing the <code>JobInactivityTimeout</code> and <code>MaxDownloadTime</code> Registry values in <code> HKEY_LOCAL_MACHINE\Software\Policies\Microsoft\Windows\BITS</code>.(Citation: Microsoft BITS)"
T1563.002,M1028,Operating System Configuration,Change GPOs to define shorter timeouts sessions and maximum amount of time any single session can be active. Change GPOs to specify the maximum amount of time that a disconnected session stays active on the RD session host server.(Citation: Windows RDP Sessions)
T1543,M1028,Operating System Configuration,Ensure that Driver Signature Enforcement is enabled to restrict unsigned drivers from being installed. 
T1087,M1028,Operating System Configuration,Prevent administrator accounts from being enumerated when an application is elevating through UAC since it can lead to the disclosure of account names. The Registry key is located <code>HKLM\ SOFTWARE\Microsoft\Windows\CurrentVersion\Policies\CredUI\EnumerateAdministrators</code>. It can be disabled through GPO: Computer Configuration > [Policies] > Administrative Templates > Windows Components > Credential User Interface: E numerate administrator accounts on elevation. (Citation: UCF STIG Elevation Account Enumeration)
T1053,M1028,Operating System Configuration,"Configure settings for scheduled tasks to force tasks to run under the context of the authenticated account instead of allowing them to run as SYSTEM. The associated Registry key is located at <code>HKLM\SYSTEM\CurrentControlSet\Control\Lsa\SubmitControl</code>. The setting can be configured through GPO: Computer Configuration > [Policies] > Windows Settings > Security Settings > Local Policies > Security Options: Domain Controller: Allow server operators to schedule tasks, set to disabled. (Citation: TechNet Server Operator Scheduled Task)"
T1136,M1028,Operating System Configuration,Protect domain controllers by ensuring proper security configuration for critical servers.
T1011,M1028,Operating System Configuration,Prevent the creation of new network adapters where possible.(Citation: Microsoft GPO Bluetooth FEB 2009)(Citation: TechRepublic Wireless GPO FEB 2009)
T1556.002,M1028,Operating System Configuration,Ensure only valid password filters are registered. Filter DLLs must be present in Windows installation directory (C:\Windows\System32\ by default) of a domain controller and/or local computer with a corresponding entry in HKEY_LOCAL_MACHINE\SYSTEM\CurrentControlSet\Control\Lsa\Notification Packages.
T1087.002,M1028,Operating System Configuration,Prevent administrator accounts from being enumerated when an application is elevating through UAC since it can lead to the disclosure of account names. The Registry key is located at <code>HKLM\ SOFTWARE\Microsoft\Windows\CurrentVersion\Policies\CredUI\EnumerateAdministrators</code>. It can be disabled through GPO: Computer Configuration > [Policies] > Administrative Templates > Windows Components > Credential User Interface: Enumerate administrator accounts on elevation.(Citation: UCF STIG Elevation Account Enumeration)
T1003.005,M1028,Operating System Configuration,Consider limiting the number of cached credentials (HKLM\SOFTWARE\Microsoft\Windows NT\Current Version\Winlogon\cachedlogonscountvalue)(Citation: Tilbury Windows Credentials)
T1564.002,M1028,Operating System Configuration,"If the computer is domain joined, then group policy can help restrict the ability to create or hide users. Similarly, preventing the modification of the <code>/Library/Preferences/com.apple.loginwindow</code> <code>Hide500Users</code> value will force all users to be visible."
T1552.003,M1028,Operating System Configuration,"There are multiple methods of preventing a user's command history from being flushed to their .bash_history file, including use of the following commands:
<code>set +o history</code> and <code>set -o history</code> to start logging again;
<code>unset HISTFILE</code> being added to a user's .bash_rc file; and
<code>ln -s /dev/null ~/.bash_history</code> to write commands to <code>/dev/null</code> instead.

In Zsh, `fc -p` can be used to create a private history session. However, previous history will be unavailable to the user until the session ends. Using `unset HISTFILE` and writing commands to `/dev/null` can also be used, similarly to Bash.

In PowerShell, users can utilize `Set-PSReadLineOption` to modify how commands are saved into history. Setting `-HistorySaveStyle SaveNothing` prevents command history from being saved onto the file. Note that setting it from `SaveNothing` to `SaveIncrementally` in the same session will cause all commands from that session to be saved. Alternatively, `-AddToHistoryHandler` can be used to filter certain commands from being saved into the history file."
T1135,M1028,Operating System Configuration,Enable Windows Group Policy “Do Not Allow Anonymous Enumeration of SAM Accounts and Shares” security setting to limit users who can enumerate network shares.(Citation: Windows Anonymous Enumeration of SAM Accounts)
T1553.004,M1028,Operating System Configuration,Windows Group Policy can be used to manage root certificates and the <code>Flags</code> value of <code>HKLM\\SOFTWARE\\Policies\\Microsoft\\SystemCertificates\\Root\\ProtectedRoots</code> can be set to 1 to prevent non-administrator users from making further root installations into their own HKCU certificate store. (Citation: SpectorOps Code Signing Dec 2017)
T1003.002,M1028,Operating System Configuration,Consider disabling or restricting NTLM.(Citation: Microsoft Disable NTLM Nov 2012)
T1548.003,M1028,Operating System Configuration,Ensuring that the <code>tty_tickets</code> setting is enabled will prevent this leakage across tty sessions.
T1136.002,M1028,Operating System Configuration,Protect domain controllers by ensuring proper security configuration for critical servers.
T1092,M1028,Operating System Configuration,Disallow or restrict removable media at an organizational policy level if they are not required for business operations.(Citation: TechNet Removable Media Control)
T1490,M1028,Operating System Configuration,"Consider technical controls to prevent the disabling of services or deletion of files involved in system recovery. Additionally, ensure that WinRE is enabled using the following command: <code>reagentc /enable</code>.(Citation: reagentc_cmd)"
T1036.007,M1028,Operating System Configuration,Disable the default to “hide file extensions for known file types” in Windows OS.(Citation: Seqrite DoubleExtension)(Citation: HowToGeek ShowExtension)
T1546.008,M1028,Operating System Configuration,"To use this technique remotely, an adversary must use it in conjunction with RDP. Ensure that Network Level Authentication is enabled to force the remote desktop session to authenticate before the session is created and the login screen displayed. It is enabled by default on Windows Vista and later.(Citation: TechNet RDP NLA)"
T1690,M1028,Operating System Configuration,Make sure that the <code>HISTCONTROL</code> environment variable is set to “ignoredups” instead of “ignoreboth” or “ignorespace”.
T1053.005,M1028,Operating System Configuration,"Configure settings for scheduled tasks to force tasks to run under the context of the authenticated account instead of allowing them to run as SYSTEM. The associated Registry key is located at HKLM\SYSTEM\CurrentControlSet\Control\Lsa\SubmitControl. The setting can be configured through GPO: Computer Configuration > [Policies] > Windows Settings > Security Settings > Local Policies > Security Options: Domain Controller: Allow server operators to schedule tasks, set to disabled. (Citation: TechNet Server Operator Scheduled Task)"
T1556.008,M1028,Operating System Configuration,"Starting in Windows 11 22H2, the `EnableMPRNotifications` policy can be disabled through Group Policy or through a configuration service provider to prevent Winlogon from sending credentials to network providers.(Citation: EnableMPRNotifications)"
T1556,M1028,Operating System Configuration,"Ensure only valid password filters are registered. Filter DLLs must be present in Windows installation directory (`C:\Windows\System32\` by default) of a domain controller and/or local computer with a corresponding entry in `HKEY_LOCAL_MACHINE\SYSTEM\CurrentControlSet\Control\Lsa\Notification Packages`. 

Starting in Windows 11 22H2, the `EnableMPRNotifications` policy can be disabled through Group Policy or through a configuration service provider to prevent Winlogon from sending credentials to network providers.(Citation: EnableMPRNotifications)"
T1098,M1028,Operating System Configuration,"Protect domain controllers by ensuring proper security configuration for critical servers to limit access by potentially unnecessary protocols and services, such as SMB file sharing."
T1491.001,M1053,Data Backup,Consider implementing IT disaster recovery plans that contain procedures for taking regular data backups that can be used to restore organizational data.(Citation: Ready.gov IT DRP) Ensure backups are stored off system and is protected from common methods adversaries may use to gain access and destroy the backups to prevent recovery.
T1561.001,M1053,Data Backup,Consider implementing IT disaster recovery plans that contain procedures for taking regular data backups that can be used to restore organizational data.(Citation: Ready.gov IT DRP) Ensure backups are stored off system and is protected from common methods adversaries may use to gain access and destroy the backups to prevent recovery.
T1485.001,M1053,Data Backup,Consider implementing IT disaster recovery plans that contain procedures for taking regular data backups that can be used to restore organizational data.(Citation: Ready.gov IT DRP) Ensure backups are stored off system and protected from common methods adversaries may use to gain access and destroy the backups to prevent recovery.
T1485,M1053,Data Backup,Consider implementing IT disaster recovery plans that contain procedures for taking regular data backups that can be used to restore organizational data.(Citation: Ready.gov IT DRP) Ensure backups are stored off system and protected from common methods adversaries may use to gain access and destroy the backups to prevent recovery.
T1491,M1053,Data Backup,"Consider implementing IT disaster recovery plans that contain procedures for taking regular data backups that can be used to restore organizational data.(Citation: Ready.gov IT DRP) Ensure backups are stored off system and is protected from common methods adversaries may use to gain access and destroy the backups to prevent recovery.
"
T1561.002,M1053,Data Backup,Consider implementing IT disaster recovery plans that contain procedures for taking regular data backups that can be used to restore organizational data.(Citation: Ready.gov IT DRP) Ensure backups are stored off system and is protected from common methods adversaries may use to gain access and destroy the backups to prevent recovery.
T1561,M1053,Data Backup,Consider implementing IT disaster recovery plans that contain procedures for taking regular data backups that can be used to restore organizational data.(Citation: Ready.gov IT DRP) Ensure backups are stored off system and is protected from common methods adversaries may use to gain access and destroy the backups to prevent recovery.
T1491.002,M1053,Data Backup,Consider implementing IT disaster recovery plans that contain procedures for taking regular data backups that can be used to restore organizational data.(Citation: Ready.gov IT DRP) Ensure backups are stored off system and is protected from common methods adversaries may use to gain access and destroy the backups to prevent recovery.
T1486,M1053,Data Backup,Consider implementing IT disaster recovery plans that contain procedures for regularly taking and testing data backups that can be used to restore organizational data.(Citation: Ready.gov IT DRP) Ensure backups are stored off system and is protected from common methods adversaries may use to gain access and destroy the backups to prevent recovery. Consider enabling versioning in cloud environments to maintain backup copies of storage objects.(Citation: Rhino S3 Ransomware Part 2)
T1490,M1053,Data Backup,"Consider implementing IT disaster recovery plans that contain procedures for taking regular data backups that can be used to restore organizational data.(Citation: Ready.gov IT DRP) Ensure backups are stored off system and is protected from common methods adversaries may use to gain access and destroy the backups to prevent recovery. In cloud environments, enable versioning on storage objects where possible, and copy backups to other accounts or regions to isolate them from the original copies.(Citation: Unit 42 Palo Alto Ransomware in Public Clouds 2022) On ESXi servers, ensure that disk images and snapshots of virtual machines are regularly taken, with copies stored off system.(Citation: Crowdstrike Hypervisor Jackpotting Pt 2 2021)"
T1219.001,M1038,Execution Prevention,"Use Group Policies to require user authentication by disabling anonymous tunnel access, preventing any unauthenticated tunnel creation or usage. Disable the Visual Studio Dev Tunnels feature to block tunnel-related commands, allowing only minimal exceptions for utility functions (unset, echo, ping, and user). Restrict tunnel access to approved Microsoft Entra tenant IDs by specifying allowed tenants; all other users are denied access by default.(Citation: Microsoft Dev Tunnels Group Policy Mitigation)(Citation: Microsoft Dev Tunnels Group Policies)"
T1216.002,M1038,Execution Prevention,Certain signed scripts that can be used to execute other programs may not be necessary within a given environment. Use application control configured to block execution of these scripts if they are not required for a given system or network to prevent potential misuse by adversaries.
T1553.003,M1038,Execution Prevention,Enable application control solutions such as AppLocker and/or Device Guard to block the loading of malicious SIP DLLs.
T1059.010,M1038,Execution Prevention,"Use application control to prevent execution of `AutoIt3.exe`, `AutoHotkey.exe`, and other related features that may not be required for a given system or network to prevent potential misuse by adversaries."
T1036.005,M1038,Execution Prevention,Use tools that restrict program execution via application control by attributes other than file name for common operating system utilities that are needed.
T1574.008,M1038,Execution Prevention,"Adversaries will likely need to place new binaries in locations to be executed through this weakness. Identify and block potentially malicious software executed path interception by using application control tools, like Windows Defender Application Control, AppLocker, or Software Restriction Policies where appropriate.(Citation: SANS Application Whitelisting)(Citation: Microsoft Windows Defender Application Control)(Citation: Windows Commands JPCERT)(Citation: NSA MS AppLocker)(Citation: Microsoft Application Lockdown)(Citation: Microsoft Using Software Restriction )"
T1574.006,M1038,Execution Prevention,Adversaries may use new payloads to execute this technique. Identify and block potentially malicious software executed through hijacking by using application control solutions also capable of blocking libraries loaded by legitimate software.
T1546.002,M1038,Execution Prevention,Block .scr files from being executed from non-standard locations.
T1564.003,M1038,Execution Prevention,"Limit or restrict program execution using anti-virus software. On MacOS, allowlist programs that are allowed to have the plist tag. All other programs should be considered suspicious."
T1553,M1038,Execution Prevention,System settings can prevent applications from running that haven't been downloaded through the Apple Store (or other legitimate repositories) which can help mitigate some of these issues. Also enable application control solutions such as AppLocker and/or Device Guard to block the loading of malicious content.
T1176.002,M1038,Execution Prevention,Set an IDE extension allow or deny list as appropriate for your security policy.  
T1218.005,M1038,Execution Prevention,"Use application control configured to block execution of <code>mshta.exe</code> if it is not required for a given system or network to prevent potential misuse by adversaries. For example, in Windows 10 and Windows Server 2016 and above, Windows Defender Application Control (WDAC) policy rules may be applied to block the <code>mshta.exe</code> application and to prevent abuse.(Citation: Microsoft WDAC)"
T1059.005,M1038,Execution Prevention,"Use application control where appropriate. VBA macros obtained from the Internet, based on the file's Mark of the Web (MOTW) attribute, may be blocked from executing in Office applications (ex: Access, Excel, PowerPoint, Visio, and Word) by default starting in Windows Version 2203.(Citation: Default VBS macros Blocking )"
T1218.004,M1038,Execution Prevention,Use application control configured to block execution of InstallUtil.exe if it is not required for a given system or network to prevent potential misuse by adversaries.
T1204,M1038,Execution Prevention,Application control may be able to prevent the running of executables masquerading as other files.
T1574.001,M1038,Execution Prevention,Identify and block potentially malicious software executed through DLL hijacking by using application control solutions capable of blocking DLLs loaded by legitimate software.(Citation: Microsoft AppLocker DLL)
T1204.004,M1038,Execution Prevention,"Use application control where appropriate. PowerShell Constrained Language mode can be used to restrict access to sensitive or otherwise dangerous language elements such as those used to execute arbitrary Windows APIs or files (e.g., `Add-Type`).(Citation: Microsoft PowerShell CLM)"
T1129,M1038,Execution Prevention,Identify and block potentially malicious software executed through this technique by using application control tools capable of preventing unknown modules from being loaded.
T1218.009,M1038,Execution Prevention,Block execution of Regsvcs.exe and Regasm.exe if they are not required for a given system or network to prevent potential misuse by adversaries.
T1548,M1038,Execution Prevention,System settings can prevent applications from running that haven't been downloaded from legitimate repositories which may help mitigate some of these issues. Not allowing unsigned applications from being run may also mitigate some risk.
T1548.004,M1038,Execution Prevention,System settings can prevent applications from running that haven't been downloaded through the Apple Store which may help mitigate some of these issues. Not allowing unsigned applications from being run may also mitigate some risk.
T1611,M1038,Execution Prevention,"Use read-only containers, read-only file systems, and minimal images when possible to prevent the running of commands.(Citation: Kubernetes Hardening Guide) Where possible, also consider using application control and software restriction tools (such as those provided by SELinux) to restrict access to files, processes, and system calls in containers.(Citation: Kubernetes Security Context)"
T1216.001,M1038,Execution Prevention,Certain signed scripts that can be used to execute other programs may not be necessary within a given environment. Use application control configured to block execution of these scripts if they are not required for a given system or network to prevent potential misuse by adversaries.
T1547.009,M1038,Execution Prevention,Prevents malicious shortcuts or LNK files from executing unwanted code by ensuring only authorized applications and scripts are allowed to run.
T1218.012,M1038,Execution Prevention,Use application control configured to block execution of verclsid.exe if it is not required for a given system or network to prevent potential misuse by adversaries.
T1106,M1038,Execution Prevention,"Identify and block potentially malicious software executed that may be executed through this technique by using application control (Citation: Beechey 2010) tools, like Windows Defender Application Control(Citation: Microsoft Windows Defender Application Control), AppLocker, (Citation: Windows Commands JPCERT) (Citation: NSA MS AppLocker) or Software Restriction Policies (Citation: Corio 2008) where appropriate. (Citation: TechNet Applocker vs SRP)"
T1127.003,M1038,Execution Prevention,Consider blocking or restricting JamPlus if not required.
T1218.015,M1038,Execution Prevention,"Where possible, enforce binary and application integrity with digital signature verification to prevent untrusted code from executing. For example, do not use `shell.openExternal` with untrusted content.

Where possible, set `nodeIntegration` to false, which disables access to the Node.js function.(Citation: Electron Security 3) By disabling access to the Node.js function, this may limit the ability to execute malicious commands by injecting JavaScript code.

Do not disable `webSecurity`, which may allow for users of the application to invoke malicious content from online sources."
T1219,M1038,Execution Prevention,Use application control to mitigate installation and use of unapproved software that can be used for remote access.
T1216,M1038,Execution Prevention,Certain signed scripts that can be used to execute other programs may not be necessary within a given environment. Use application control configured to block execution of these scripts if they are not required for a given system or network to prevent potential misuse by adversaries.
T1047,M1038,Execution Prevention,"Use application control configured to block execution of <code>wmic.exe</code> if it is not required for a given system or network to prevent potential misuse by adversaries. For example, in Windows 10 and Windows Server 2016 and above, Windows Defender Application Control (WDAC) policy rules may be applied to block the <code>wmic.exe</code> application and to prevent abuse.(Citation: Microsoft WDAC)"
T1674,M1038,Execution Prevention,"Denylist scripting and use application control where appropriate. For example, PowerShell Constrained Language mode can be used to restrict access to sensitive or otherwise dangerous language elements such as those used to execute arbitrary Windows APIs or files (e.g., `Add-Type`).(Citation: Microsoft PowerShell CLM)"
T1059.007,M1038,Execution Prevention,Denylist scripting where appropriate.
T1204.002,M1038,Execution Prevention,Application control may be able to prevent the running of executables masquerading as other files.
T1546.010,M1038,Execution Prevention,"Adversaries can install new AppInit DLLs binaries to execute this technique. Identify and block potentially malicious software executed through AppInit DLLs functionality by using application control (Citation: Beechey 2010) tools, like Windows Defender Application Control(Citation: Microsoft Windows Defender Application Control), AppLocker, (Citation: Windows Commands JPCERT) (Citation: NSA MS AppLocker) or Software Restriction Policies (Citation: Corio 2008) where appropriate. (Citation: TechNet Applocker vs SRP)"
T1059.004,M1038,Execution Prevention,"Use application control where appropriate. On ESXi hosts, the `execInstalledOnly` feature prevents binaries from being run unless they have been packaged and signed as part of a vSphere installation bundle (VIB).(Citation: Google Cloud Threat Intelligence ESXi Hardening 2023)"
T1574,M1038,Execution Prevention,Adversaries may use new payloads to execute this technique. Identify and block potentially malicious software executed through hijacking by using application control solutions also capable of blocking libraries loaded by legitimate software.
T1505.004,M1038,Execution Prevention,Restrict unallowed ISAPI extensions and filters from running by specifying a list of ISAPI extensions and filters that can run on IIS.(Citation: Microsoft ISAPICGIRestriction 2016)
T1547.004,M1038,Execution Prevention,Identify and block potentially malicious software that may be executed through the Winlogon helper process by using application control (Citation: Beechey 2010) tools like AppLocker (Citation: Windows Commands JPCERT) (Citation: NSA MS AppLocker) that are capable of auditing and/or blocking unknown DLLs.
T1059.002,M1038,Execution Prevention,Use application control where appropriate.
T1553.001,M1038,Execution Prevention,System settings can prevent applications from running that haven't been downloaded through the Apple Store which can help mitigate some of these issues. 
T1036.008,M1038,Execution Prevention,"Ensure that input sanitization is performed and that files are validated properly before execution; furthermore, implement a strict allow list to ensure that only authorized file types are processed.(Citation: file_upload_attacks_pt2) Restrict and/or block execution of files where headers and extensions do not match. 

"
T1218.008,M1038,Execution Prevention,Use application control configured to block execution of Odbcconf.exe if it is not required for a given system or network to prevent potential misuse by adversaries.
T1685,M1038,Execution Prevention,"Use application control where appropriate, especially regarding the execution of tools outside of the organization's security policies (such as rootkit removal tools) that have been abused to impair system defenses. Ensure that only approved security applications are used and running on enterprise systems."
T1059,M1038,Execution Prevention,"Use application control where appropriate. For example, PowerShell Constrained Language mode can be used to restrict access to sensitive or otherwise dangerous language elements such as those used to execute arbitrary Windows APIs or files (e.g., `Add-Type`).(Citation: Microsoft PowerShell CLM)"
T1574.007,M1038,Execution Prevention,"Adversaries will likely need to place new binaries in locations to be executed through this weakness. Identify and block potentially malicious software executed path interception by using application control tools, like Windows Defender Application Control, AppLocker, or Software Restriction Policies where appropriate.(Citation: SANS Application Whitelisting)(Citation: Microsoft Windows Defender Application Control)(Citation: Windows Commands JPCERT)(Citation: NSA MS AppLocker)(Citation: Microsoft Application Lockdown)(Citation: Microsoft Using Software Restriction )"
T1127,M1038,Execution Prevention,Certain developer utilities should be blocked or restricted if not required.
T1490,M1038,Execution Prevention,Consider using application control configured to block execution of utilities such as `diskshadow.exe` that may not be required for a given system or network to prevent potential misuse by adversaries. 
T1059.008,M1038,Execution Prevention,TACACS+ can keep control over which commands administrators are permitted to use through the configuration of authentication and command authorization. (Citation: Cisco IOS Software Integrity Assurance - TACACS)
T1218,M1038,Execution Prevention,Consider using application control to prevent execution of binaries that are susceptible to abuse and not required for a given system or network.
T1218.002,M1038,Execution Prevention,"Identify and block potentially malicious and unknown .cpl files by using application control (Citation: Beechey 2010) tools, like Windows Defender Application Control(Citation: Microsoft Windows Defender Application Control), AppLocker, (Citation: Windows Commands JPCERT) (Citation: NSA MS AppLocker) or Software Restriction Policies (Citation: Corio 2008) where appropriate. (Citation: TechNet Applocker vs SRP)"
T1059.003,M1038,Execution Prevention,Use application control where appropriate.
T1546.006,M1038,Execution Prevention,Allow applications via known hashes.
T1220,M1038,Execution Prevention,"If msxsl.exe is unnecessary, then block its execution to prevent abuse by adversaries."
T1080,M1038,Execution Prevention,"Identify potentially malicious software that may be used to taint content or may result from it and audit and/or block the unknown programs by using application control (Citation: Beechey 2010) tools, like AppLocker, (Citation: Windows Commands JPCERT) (Citation: NSA MS AppLocker) or Software Restriction Policies (Citation: Corio 2008) where appropriate. (Citation: TechNet Applocker vs SRP)"
T1059.009,M1038,Execution Prevention,Use application control where appropriate to block use of PowerShell CmdLets or other host based resources to access cloud API resources.
T1547.006,M1038,Execution Prevention,"Application control and software restriction tools, such as SELinux, KSPP, grsecurity MODHARDEN, and Linux kernel tuning can aid in restricting kernel module loading.(Citation: Kernel.org Restrict Kernel Module)(Citation: Wikibooks Grsecurity)(Citation: Kernel Self Protection Project)(Citation: Increasing Linux kernel integrity)(Citation: LKM loading kernel restrictions)"
T1574.009,M1038,Execution Prevention,"Adversaries will likely need to place new binaries in locations to be executed through this weakness. Identify and block potentially malicious software executed path interception by using application control tools, like Windows Defender Application Control, AppLocker, or Software Restriction Policies where appropriate.(Citation: SANS Application Whitelisting)(Citation: Microsoft Windows Defender Application Control)(Citation: Windows Commands JPCERT)(Citation: NSA MS AppLocker)(Citation: Microsoft Application Lockdown)(Citation: Microsoft Using Software Restriction )"
T1059.006,M1038,Execution Prevention,Denylist Python where not required.
T1059.013,M1038,Execution Prevention,Deny scripting where appropriate. Tools such as Python or Go can utilize Kubernetes and Docker within a client library and execute commands within their application.
T1059.011,M1038,Execution Prevention,Denylist Lua interpreters where appropriate.
T1127.001,M1038,Execution Prevention,"Use application control configured to block execution of <code>msbuild.exe</code> if it is not required for a given system or network to prevent potential misuse by adversaries. For example, in Windows 10 and Windows Server 2016 and above, Windows Defender Application Control (WDAC) policy rules may be applied to block the <code>msbuild.exe</code> application and to prevent abuse.(Citation: Microsoft WDAC)"
T1574.012,M1038,Execution Prevention,Identify and block potentially malicious unmanaged COR_PROFILER profiling DLLs  by using application control solutions like AppLocker that are capable of auditing and/or blocking unapproved DLLs.(Citation: Beechey 2010)(Citation: Windows Commands JPCERT)(Citation: NSA MS AppLocker)
T1546.008,M1038,Execution Prevention,"Adversaries can replace accessibility features binaries with alternate binaries to execute this technique. Identify and block potentially malicious software executed through accessibility features functionality by using application control (Citation: Beechey 2010) tools, like Windows Defender Application Control(Citation: Microsoft Windows Defender Application Control), AppLocker, (Citation: Windows Commands JPCERT) (Citation: NSA MS AppLocker) or Software Restriction Policies (Citation: Corio 2008) where appropriate. (Citation: TechNet Applocker vs SRP)"
T1546.009,M1038,Execution Prevention,"Adversaries install new AppCertDLL binaries to execute this technique. Identify and block potentially malicious software executed through AppCertDLLs functionality by using application control (Citation: Beechey 2010) tools, like Windows Defender Application Control(Citation: Microsoft Windows Defender Application Control), AppLocker, (Citation: Windows Commands JPCERT) (Citation: NSA MS AppLocker) or Software Restriction Policies (Citation: Corio 2008) where appropriate. (Citation: TechNet Applocker vs SRP)"
T1176,M1038,Execution Prevention,Set an extension allow or deny list as appropriate for your security policy. 
T1068,M1038,Execution Prevention,Consider blocking the execution of known vulnerable drivers that adversaries may exploit to execute code in kernel mode. Validate driver block rules in audit mode to ensure stability prior to production deployment.(Citation: Microsoft Driver Block Rules)
T1176.001,M1038,Execution Prevention,Set a browser extension allow or deny list as appropriate for your security policy.(Citation: Technospot Chrome Extensions GP)
T1553.005,M1038,Execution Prevention,Consider blocking container file types at web and/or email gateways. Consider unregistering container file extensions in Windows File Explorer.(Citation: Dormann Dangers of VHD 2019)
T1218.003,M1038,Execution Prevention,Consider using application control configured to block execution of CMSTP.exe if it is not required for a given system or network to prevent potential misuse by adversaries.
T1219.002,M1038,Execution Prevention,Use application control to mitigate installation and use of unapproved software that can be used for remote access.
T1036,M1038,Execution Prevention,Use tools that restrict program execution via application control by attributes other than file name for common operating system utilities that are needed.
T1218.014,M1038,Execution Prevention,Use application control configured to block execution of MMC if it is not required for a given system or network to prevent potential misuse by adversaries.
T1218.001,M1038,Execution Prevention,Consider using application control to prevent execution of hh.exe if it is not required for a given system or network to prevent potential misuse by adversaries.
T1218.013,M1038,Execution Prevention,Use application control configured to block execution of mavinject.exe if it is not required for a given system or network to prevent potential misuse by adversaries.
T1564.006,M1038,Execution Prevention,Use application control to mitigate installation and use of unapproved virtualization software.
T1609,M1038,Execution Prevention,"Use read-only containers, read-only file systems, and minimal images when possible to prevent the execution of commands.(Citation: Kubernetes Hardening Guide) Where possible, also consider using application control and software restriction tools (such as those provided by SELinux) to restrict access to files, processes, and system calls in containers.(Citation: Kubernetes Security Context)"
T1685.003,M1038,Execution Prevention,Use application controls to mitigate installation and use of payloads that may be utilized to spoof security alerting.
T1059.001,M1038,Execution Prevention,"Use application control where appropriate. PowerShell Constrained Language mode can be used to restrict access to sensitive or otherwise dangerous language elements such as those used to execute arbitrary Windows APIs or files (e.g., `Add-Type`).(Citation: Microsoft PowerShell CLM)"
T1599.001,M1043,Credential Access Protection,"Some embedded network devices are capable of storing passwords for local accounts in either plain-text or encrypted formats.  Ensure that, where available, local passwords are always encrypted, per vendor recommendations. (Citation: Cisco IOS Software Integrity Assurance - AAA)"
T1547.008,M1043,Credential Access Protection,"On Windows 10 and Server 2016, enable Windows Defender Credential Guard (Citation: Microsoft Enable Cred Guard April 2017) to run lsass.exe in an isolated virtualized environment without any device drivers. (Citation: Microsoft Credential Guard April 2017)"
T1003.001,M1043,Credential Access Protection,"With Windows 10, Microsoft implemented new protections called Credential Guard to protect the LSA secrets that can be used to obtain credentials through forms of credential dumping. It is not configured by default and has hardware and firmware system requirements. It also does not protect against all forms of credential dumping.(Citation: TechNet Credential Guard)(Citation: GitHub SHB Credential Guard)"
T1601.001,M1043,Credential Access Protection,"Some embedded network devices are capable of storing passwords for local accounts in either plain-text or encrypted formats.  Ensure that, where available, local passwords are always encrypted, per vendor recommendations. (Citation: Cisco IOS Software Integrity Assurance - Credentials Management)"
T1601.002,M1043,Credential Access Protection,"Some embedded network devices are capable of storing passwords for local accounts in either plain-text or encrypted formats.  Ensure that, where available, local passwords are always encrypted, per vendor recommendations. (Citation: Cisco IOS Software Integrity Assurance - Credentials Management)"
T1601,M1043,Credential Access Protection,"Some embedded network devices are capable of storing passwords for local accounts in either plain-text or encrypted formats.  Ensure that, where available, local passwords are always encrypted, per vendor recommendations. (Citation: Cisco IOS Software Integrity Assurance - Credentials Management)"
T1599,M1043,Credential Access Protection,"Some embedded network devices are capable of storing passwords for local accounts in either plain-text or encrypted formats.  Ensure that, where available, local passwords are always encrypted, per vendor recommendations.(Citation: Cisco IOS Software Integrity Assurance - AAA)"
T1505,M1045,Code Signing,Ensure all application component binaries are signed by the correct application developers.
T1204.003,M1045,Code Signing,Utilize a trust model such as Docker Content Trust with digital signatures to ensure runtime verification of the integrity and publisher of specific image tags.(Citation: Content trust in Docker)(Citation: Content trust in Azure Container Registry)
T1525,M1045,Code Signing,Several cloud service providers support content trust models that require container images be signed by trusted sources.(Citation: Content trust in Azure Container Registry)(Citation: Content trust in Docker)
T1059.002,M1045,Code Signing,Require that all AppleScript be signed by a trusted developer ID before being executed - this will prevent random AppleScript code from executing.(Citation: applescript signing) This subjects AppleScript code to the same scrutiny as other .app files passing through Gatekeeper.
T1059,M1045,Code Signing,"Where possible, only permit execution of signed scripts."
T1036.005,M1045,Code Signing,Require signed binaries and images.
T1036.001,M1045,Code Signing,Require signed binaries.
T1546.013,M1045,Code Signing,Enforce execution of only signed PowerShell scripts. Sign profiles to avoid them from being modified.
T1036,M1045,Code Signing,Require signed binaries.
T1554,M1045,Code Signing,Ensure all application component binaries are signed by the correct application developers.
T1601.001,M1045,Code Signing,Many vendors provide digitally signed operating system images to validate the integrity of the software used on their platform.  Make use of this feature where possible in order to prevent and/or detect attempts by adversaries to compromise the system image. (Citation: Cisco IOS Software Integrity Assurance - Deploy Signed IOS)
T1601.002,M1045,Code Signing,Many vendors provide digitally signed operating system images to validate the integrity of the software used on their platform.  Make use of this feature where possible in order to prevent and/or detect attempts by adversaries to compromise the system image. (Citation: Cisco IOS Software Integrity Assurance - Deploy Signed IOS)
T1543.003,M1045,Code Signing,Enforce registration and execution of only legitimately signed service drivers where possible.
T1059.001,M1045,Code Signing,Set PowerShell execution policy to execute only signed scripts.
T1505.001,M1045,Code Signing,Ensure all application component binaries are signed by the correct application developers. 
T1543,M1045,Code Signing,Enforce registration and execution of only legitimately signed service drivers where possible.
T1601,M1045,Code Signing,Many vendors provide digitally signed operating system images to validate the integrity of the software used on their platform.  Make use of this feature where possible in order to prevent and/or detect attempts by adversaries to compromise the system image. (Citation: Cisco IOS Software Integrity Assurance - Deploy Signed IOS)
T1505.004,M1045,Code Signing,Ensure IIS DLLs and binaries are signed by the correct application developers.
T1546.006,M1045,Code Signing,Enforce that all binaries be signed by the correct Apple Developer IDs.
T1505.006,M1045,Code Signing,Enabling the `execInstalledOnly` feature prevents unsigned binaries from being run on ESXi hosts.(Citation: Google Cloud Threat Intelligence ESXi Hardening 2023)
T1505.002,M1045,Code Signing,Ensure all application component binaries are signed by the correct application developers. 
T1127.002,M1045,Code Signing,Enforce binary and application integrity with digital signature verification to prevent untrusted code from executing.(Citation: Microsoft Learn ClickOnce and Authenticode)
T1690,M1039,Environment Variable Permissions,"Prevent users from changing the <code>HISTCONTROL</code>, <code>HISTFILE</code>, and <code>HISTFILESIZE</code> environment variables. (Citation: Securing bash history)"
T1070.003,M1039,Environment Variable Permissions,Making the environment variables associated with command history read only may ensure that the history is preserved.(Citation: Securing bash history)
T1052,M1057,Data Loss Prevention,Data loss prevention can detect and block sensitive data being copied to physical mediums.
T1537,M1057,Data Loss Prevention,Data loss prevention can prevent and block sensitive data from being shared with individuals outside an organization.(Citation: Microsoft Purview Data Loss Prevention) (Citation: Google Workspace Data Loss Prevention)
T1005,M1057,Data Loss Prevention,Data loss prevention can restrict access to sensitive data and detect sensitive data that is unencrypted.
T1048,M1057,Data Loss Prevention,Data loss prevention can detect and block sensitive data being uploaded via web browsers.
T1567,M1057,Data Loss Prevention,Data loss prevention can be detect and block sensitive data being uploaded to web services via web browsers.
T1048.003,M1057,Data Loss Prevention,Data loss prevention can detect and block sensitive data being sent over unencrypted protocols.
T1041,M1057,Data Loss Prevention,Data loss prevention can detect and block sensitive data being sent over unencrypted protocols.
T1025,M1057,Data Loss Prevention,Data loss prevention can restrict access to sensitive data and detect sensitive data that is unencrypted.
T1052.001,M1057,Data Loss Prevention,Data loss prevention can detect and block sensitive data being copied to USB devices.
T1048.002,M1057,Data Loss Prevention,Data loss prevention can detect and block sensitive data being uploaded via web browsers.
T1567.004,M1057,Data Loss Prevention,Data loss prevention can be detect and block sensitive data being uploaded to web services via web browsers.
T1020.001,M1057,Data Loss Prevention,"Implement Data Loss Prevention (DLP) solutions to monitor, detect, and control the flow of sensitive information. DLP tools can be configured to block unauthorized attempts to exfiltrate data, such as preventing emails from being forwarded to external recipients or monitoring for suspicious data transfers. By creating email flow rules and applying policies to detect anomalies, DLP solutions help mitigate the risk of data exfiltration over alternative protocols."
T1547.008,M1025,Privileged Process Integrity,"On Windows 8.1 and Server 2012 R2, enable LSA Protection by setting the Registry key <code>HKEY_LOCAL_MACHINE\\SYSTEM\\CurrentControlSet\\Control\\Lsa\\RunAsPPL</code> to <code>dword:00000001</code>. (Citation: Microsoft LSA Protection Mar 2014) LSA Protection ensures that LSA plug-ins and drivers are only loaded if they are digitally signed with a Microsoft signature and adhere to the Microsoft Security Development Lifecycle (SDL) process guidance. "
T1547.005,M1025,Privileged Process Integrity,"Windows 8.1, Windows Server 2012 R2, and later versions may make LSA run as a Protected Process Light (PPL) by setting the Registry key <code>HKLM\\SYSTEM\\CurrentControlSet\\Control\\Lsa\\RunAsPPL</code>, which requires all SSP DLLs to be signed by Microsoft. (Citation: Graeber 2014) (Citation: Microsoft Configure LSA)"
T1547.002,M1025,Privileged Process Integrity,"Windows 8.1, Windows Server 2012 R2, and later versions, may make LSA run as a Protected Process Light (PPL) by setting the Registry key <code>HKLM\SYSTEM\CurrentControlSet\Control\Lsa\RunAsPPL</code>, which requires all DLLs loaded by LSA to be signed by Microsoft. (Citation: Graeber 2014) (Citation: Microsoft Configure LSA)"
T1556.001,M1025,Privileged Process Integrity,"Enabled features, such as Protected Process Light (PPL), for LSA.(Citation: Microsoft LSA)"
T1003.001,M1025,Privileged Process Integrity,"On Windows 8.1 and Windows Server 2012 R2, enable Protected Process Light for LSA.(Citation: Microsoft LSA)"
T1556,M1025,Privileged Process Integrity,"Enabled features, such as Protected Process Light (PPL), for LSA.(Citation: Microsoft LSA)"
T1480,M1055,Do Not Mitigate,"[Execution Guardrails](https://attack.mitre.org/techniques/T1480) likely should not be mitigated with preventative controls because it may protect unintended targets from being compromised. If targeted, efforts should be focused on preventing adversary tools from running earlier in the chain of activity and on identifying subsequent malicious behavior if compromised."
T1480.002,M1055,Do Not Mitigate,"[Execution Guardrails](https://attack.mitre.org/techniques/T1480) likely should not be mitigated with preventative controls because it may protect unintended targets from being compromised. If targeted, efforts should be focused on preventing adversary tools from running earlier in the chain of activity and on identifying subsequent malicious behavior if compromised. "
T1480.001,M1055,Do Not Mitigate,"[Environmental Keying](https://attack.mitre.org/techniques/T1480/001) likely should not be mitigated with preventative controls because it may protect unintended targets from being compromised via confusion of keys by the adversary. Mitigation of this technique is also unlikely to be feasible within most contexts because there are no standard attributes from which an adversary may derive keys. If targeted, efforts should be focused on preventing adversary tools from running earlier in the chain of activity and on identifying subsequent malicious behavior if compromised."
T1595,M1056,Pre-compromise,This technique cannot be easily mitigated with preventive controls since it is based on behaviors performed outside of the scope of enterprise defenses and controls. Efforts should focus on minimizing the amount and sensitivity of data available to external parties.
T1591,M1056,Pre-compromise,This technique cannot be easily mitigated with preventive controls since it is based on behaviors performed outside of the scope of enterprise defenses and controls. Efforts should focus on minimizing the amount and sensitivity of data available to external parties.
T1585.003,M1056,Pre-compromise,This technique cannot be easily mitigated with preventive controls since it is based on behaviors performed outside of the scope of enterprise defenses and controls. 
T1588.006,M1056,Pre-compromise,This technique cannot be easily mitigated with preventive controls since it is based on behaviors performed outside of the scope of enterprise defenses and controls.
T1588.007,M1056,Pre-compromise,This technique cannot be easily mitigated with preventive controls since it is based on behaviors performed outside of the scope of enterprise defenses and controls.
T1588.004,M1056,Pre-compromise,This technique cannot be easily mitigated with preventive controls since it is based on behaviors performed outside of the scope of enterprise defenses and controls.
T1583.002,M1056,Pre-compromise,This technique cannot be easily mitigated with preventive controls since it is based on behaviors performed outside of the scope of enterprise defenses and controls.
T1583.004,M1056,Pre-compromise,This technique cannot be easily mitigated with preventive controls since it is based on behaviors performed outside of the scope of enterprise defenses and controls.
T1683.002,M1056,Pre-compromise,This technique cannot be easily mitigated with preventive controls since it is based on behaviors performed outside of the scope of enterprise defenses and controls. Efforts should focus on designing defenses that are not reliant on atomic indicators. 
T1587.002,M1056,Pre-compromise,This technique cannot be easily mitigated with preventive controls since it is based on behaviors performed outside of the scope of enterprise defenses and controls.
T1590.006,M1056,Pre-compromise,This technique cannot be easily mitigated with preventive controls since it is based on behaviors performed outside of the scope of enterprise defenses and controls. Efforts should focus on minimizing the amount and sensitivity of data available to external parties.
T1590.003,M1056,Pre-compromise,This technique cannot be easily mitigated with preventive controls since it is based on behaviors performed outside of the scope of enterprise defenses and controls. Efforts should focus on minimizing the amount and sensitivity of data available to external parties.
T1596.001,M1056,Pre-compromise,This technique cannot be easily mitigated with preventive controls since it is based on behaviors performed outside of the scope of enterprise defenses and controls. Efforts should focus on minimizing the amount and sensitivity of data available to external parties.
T1587,M1056,Pre-compromise,This technique cannot be easily mitigated with preventive controls since it is based on behaviors performed outside of the scope of enterprise defenses and controls.
T1584.004,M1056,Pre-compromise,This technique cannot be easily mitigated with preventive controls since it is based on behaviors performed outside of the scope of enterprise defenses and controls.
T1589.001,M1056,Pre-compromise,This technique cannot be easily mitigated with preventive controls since it is based on behaviors performed outside of the scope of enterprise defenses and controls. Efforts should focus on minimizing the amount and sensitivity of data available to external parties.
T1592.002,M1056,Pre-compromise,This technique cannot be easily mitigated with preventive controls since it is based on behaviors performed outside of the scope of enterprise defenses and controls. Efforts should focus on minimizing the amount and sensitivity of data available to external parties.
T1588.002,M1056,Pre-compromise,This technique cannot be easily mitigated with preventive controls since it is based on behaviors performed outside of the scope of enterprise defenses and controls.
T1584.001,M1056,Pre-compromise,This technique cannot be easily mitigated with preventive controls since it is based on behaviors performed outside of the scope of enterprise defenses and controls.
T1595.003,M1056,Pre-compromise,This technique cannot be easily mitigated with preventive controls since it is based on behaviors performed outside of the scope of enterprise defenses and controls. Efforts should focus on minimizing the amount and sensitivity of data available to external parties.
T1683,M1056,Pre-compromise,This technique cannot be easily mitigated with preventive controls since it is based on behaviors performed outside of the scope of enterprise defenses and controls. Efforts should focus on designing defenses that are not reliant on atomic indicators. 
T1584.007,M1056,Pre-compromise,This technique cannot be easily mitigated with preventive controls since it is based on behaviors performed outside of the scope of enterprise defenses and controls. 
T1591.003,M1056,Pre-compromise,This technique cannot be easily mitigated with preventive controls since it is based on behaviors performed outside of the scope of enterprise defenses and controls. Efforts should focus on minimizing the amount and sensitivity of data available to external parties.
T1683.001,M1056,Pre-compromise,This technique cannot be easily mitigated with preventive controls since it is based on behaviors performed outside of the scope of enterprise defenses and controls. Efforts should focus on designing defenses that are not reliant on atomic indicators. 
T1588.003,M1056,Pre-compromise,This technique cannot be easily mitigated with preventive controls since it is based on behaviors performed outside of the scope of enterprise defenses and controls.
T1589,M1056,Pre-compromise,This technique cannot be easily mitigated with preventive controls since it is based on behaviors performed outside of the scope of enterprise defenses and controls. Efforts should focus on minimizing the amount and sensitivity of data available to external parties.
T1596,M1056,Pre-compromise,This technique cannot be easily mitigated with preventive controls since it is based on behaviors performed outside of the scope of enterprise defenses and controls. Efforts should focus on minimizing the amount and sensitivity of data available to external parties.
T1585,M1056,Pre-compromise,This technique cannot be easily mitigated with preventive controls since it is based on behaviors performed outside of the scope of enterprise defenses and controls.
T1590.005,M1056,Pre-compromise,This technique cannot be easily mitigated with preventive controls since it is based on behaviors performed outside of the scope of enterprise defenses and controls. Efforts should focus on minimizing the amount and sensitivity of data available to external parties.
T1586.001,M1056,Pre-compromise,This technique cannot be easily mitigated with preventive controls since it is based on behaviors performed outside of the scope of enterprise defenses and controls.
T1589.003,M1056,Pre-compromise,This technique cannot be easily mitigated with preventive controls since it is based on behaviors performed outside of the scope of enterprise defenses and controls. Efforts should focus on minimizing the amount and sensitivity of data available to external parties.
T1594,M1056,Pre-compromise,This technique cannot be easily mitigated with preventive controls since it is based on behaviors performed outside of the scope of enterprise defenses and controls. Efforts should focus on minimizing the amount and sensitivity of data available to external parties.
T1682,M1056,Pre-compromise,This technique cannot be easily mitigated with preventive controls since it is based on behaviors performed outside of the scope of enterprise defenses and controls. Efforts should focus on designing defenses that are not reliant on atomic indicators.
T1608.006,M1056,Pre-compromise,This technique cannot be easily mitigated with preventive controls since it is based on behaviors performed outside of the scope of enterprise defenses and controls.
T1587.003,M1056,Pre-compromise,This technique cannot be easily mitigated with preventive controls since it is based on behaviors performed outside of the scope of enterprise defenses and controls.
T1597.001,M1056,Pre-compromise,This technique cannot be easily mitigated with preventive controls since it is based on behaviors performed outside of the scope of enterprise defenses and controls. Efforts should focus on minimizing the amount and sensitivity of data available to external parties.
T1585.001,M1056,Pre-compromise,This technique cannot be easily mitigated with preventive controls since it is based on behaviors performed outside of the scope of enterprise defenses and controls.
T1589.002,M1056,Pre-compromise,This technique cannot be easily mitigated with preventive controls since it is based on behaviors performed outside of the scope of enterprise defenses and controls. Efforts should focus on minimizing the amount and sensitivity of data available to external parties.
T1583.007,M1056,Pre-compromise,This technique cannot be easily mitigated with preventive controls since it is based on behaviors performed outside of the scope of enterprise defenses and controls. 
T1587.001,M1056,Pre-compromise,This technique cannot be easily mitigated with preventive controls since it is based on behaviors performed outside of the scope of enterprise defenses and controls.
T1608.001,M1056,Pre-compromise,This technique cannot be easily mitigated with preventive controls since it is based on behaviors performed outside of the scope of enterprise defenses and controls.
T1586.002,M1056,Pre-compromise,This technique cannot be easily mitigated with preventive controls since it is based on behaviors performed outside of the scope of enterprise defenses and controls.
T1590,M1056,Pre-compromise,This technique cannot be easily mitigated with preventive controls since it is based on behaviors performed outside of the scope of enterprise defenses and controls. Efforts should focus on minimizing the amount and sensitivity of data available to external parties.
T1681,M1056,Pre-compromise,This technique cannot be easily mitigated with preventive controls since it is based on behaviors performed outside of the scope of enterprise defenses and controls. Efforts should focus on designing defenses that are not reliant on atomic indicators.
T1608.004,M1056,Pre-compromise,This technique cannot be easily mitigated with preventive controls since it is based on behaviors performed outside of the scope of enterprise defenses and controls.
T1583.005,M1056,Pre-compromise,This technique cannot be easily mitigated with preventive controls since it is based on behaviors performed outside of the scope of enterprise defenses and controls.
T1596.004,M1056,Pre-compromise,This technique cannot be easily mitigated with preventive controls since it is based on behaviors performed outside of the scope of enterprise defenses and controls. Efforts should focus on minimizing the amount and sensitivity of data available to external parties.
T1597,M1056,Pre-compromise,This technique cannot be easily mitigated with preventive controls since it is based on behaviors performed outside of the scope of enterprise defenses and controls. Efforts should focus on minimizing the amount and sensitivity of data available to external parties.
T1591.001,M1056,Pre-compromise,This technique cannot be easily mitigated with preventive controls since it is based on behaviors performed outside of the scope of enterprise defenses and controls. Efforts should focus on minimizing the amount and sensitivity of data available to external parties.
T1583.006,M1056,Pre-compromise,This technique cannot be easily mitigated with preventive controls since it is based on behaviors performed outside of the scope of enterprise defenses and controls.
T1584.005,M1056,Pre-compromise,This technique cannot be easily mitigated with preventive controls since it is based on behaviors performed outside of the scope of enterprise defenses and controls.
T1595.001,M1056,Pre-compromise,This technique cannot be easily mitigated with preventive controls since it is based on behaviors performed outside of the scope of enterprise defenses and controls. Efforts should focus on minimizing the amount and sensitivity of data available to external parties.
T1584.003,M1056,Pre-compromise,This technique cannot be easily mitigated with preventive controls since it is based on behaviors performed outside of the scope of enterprise defenses and controls.
T1597.002,M1056,Pre-compromise,This technique cannot be easily mitigated with preventive controls since it is based on behaviors performed outside of the scope of enterprise defenses and controls. Efforts should focus on minimizing the amount and sensitivity of data available to external parties.
T1592.004,M1056,Pre-compromise,This technique cannot be easily mitigated with preventive controls since it is based on behaviors performed outside of the scope of enterprise defenses and controls. Efforts should focus on minimizing the amount and sensitivity of data available to external parties.
T1592,M1056,Pre-compromise,This technique cannot be easily mitigated with preventive controls since it is based on behaviors performed outside of the scope of enterprise defenses and controls. Efforts should focus on minimizing the amount and sensitivity of data available to external parties.
T1585.002,M1056,Pre-compromise,This technique cannot be easily mitigated with preventive controls since it is based on behaviors performed outside of the scope of enterprise defenses and controls.
T1595.002,M1056,Pre-compromise,This technique cannot be easily mitigated with preventive controls since it is based on behaviors performed outside of the scope of enterprise defenses and controls. Efforts should focus on minimizing the amount and sensitivity of data available to external parties.
T1583,M1056,Pre-compromise,This technique cannot be easily mitigated with preventive controls since it is based on behaviors performed outside of the scope of enterprise defenses and controls.
T1591.002,M1056,Pre-compromise,This technique cannot be easily mitigated with preventive controls since it is based on behaviors performed outside of the scope of enterprise defenses and controls. Efforts should focus on minimizing the amount and sensitivity of data available to external parties.
T1592.001,M1056,Pre-compromise,This technique cannot be easily mitigated with preventive controls since it is based on behaviors performed outside of the scope of enterprise defenses and controls. Efforts should focus on minimizing the amount and sensitivity of data available to external parties.
T1584.002,M1056,Pre-compromise,This technique cannot be easily mitigated with preventive controls since it is based on behaviors performed outside of the scope of enterprise defenses and controls.
T1584.006,M1056,Pre-compromise,This technique cannot be easily mitigated with preventive controls since it is based on behaviors performed outside of the scope of enterprise defenses and controls.
T1590.004,M1056,Pre-compromise,This technique cannot be easily mitigated with preventive controls since it is based on behaviors performed outside of the scope of enterprise defenses and controls. Efforts should focus on minimizing the amount and sensitivity of data available to external parties.
T1586.003,M1056,Pre-compromise,This technique cannot be easily mitigated with preventive controls since it is based on behaviors performed outside of the scope of enterprise defenses and controls.
T1583.001,M1056,Pre-compromise,Organizations may intentionally register similar domains to their own to deter adversaries from creating typosquatting domains. Other facets of this technique cannot be easily mitigated with preventive controls since it is based on behaviors performed outside of the scope of enterprise defenses and controls.
T1590.001,M1056,Pre-compromise,This technique cannot be easily mitigated with preventive controls since it is based on behaviors performed outside of the scope of enterprise defenses and controls. Efforts should focus on minimizing the amount and sensitivity of data available to external parties.
T1608.003,M1056,Pre-compromise,This technique cannot be easily mitigated with preventive controls since it is based on behaviors performed outside of the scope of enterprise defenses and controls.
T1583.003,M1056,Pre-compromise,This technique cannot be easily mitigated with preventive controls since it is based on behaviors performed outside of the scope of enterprise defenses and controls.
T1587.004,M1056,Pre-compromise,This technique cannot be easily mitigated with preventive controls since it is based on behaviors performed outside of the scope of enterprise defenses and controls.
T1588.001,M1056,Pre-compromise,This technique cannot be easily mitigated with preventive controls since it is based on behaviors performed outside of the scope of enterprise defenses and controls.
T1586,M1056,Pre-compromise,This technique cannot be easily mitigated with preventive controls since it is based on behaviors performed outside of the scope of enterprise defenses and controls.
T1588,M1056,Pre-compromise,This technique cannot be easily mitigated with preventive controls since it is based on behaviors performed outside of the scope of enterprise defenses and controls.
T1596.003,M1056,Pre-compromise,This technique cannot be easily mitigated with preventive controls since it is based on behaviors performed outside of the scope of enterprise defenses and controls. Efforts should focus on minimizing the amount and sensitivity of data available to external parties.
T1592.003,M1056,Pre-compromise,This technique cannot be easily mitigated with preventive controls since it is based on behaviors performed outside of the scope of enterprise defenses and controls. Efforts should focus on minimizing the amount and sensitivity of data available to external parties.
T1583.008,M1056,Pre-compromise,"This technique cannot be easily mitigated with preventive controls since it is based on behaviors performed outside of the scope of enterprise defenses and controls. Efforts should be focused on initial access activities, such as drive by compromise where ad blocking adblockers can help prevent malicious code from executing."
T1608.005,M1056,Pre-compromise,This technique cannot be easily mitigated with preventive controls since it is based on behaviors performed outside of the scope of enterprise defenses and controls.
T1596.002,M1056,Pre-compromise,This technique cannot be easily mitigated with preventive controls since it is based on behaviors performed outside of the scope of enterprise defenses and controls. Efforts should focus on minimizing the amount and sensitivity of data available to external parties.
T1588.005,M1056,Pre-compromise,This technique cannot be easily mitigated with preventive controls since it is based on behaviors performed outside of the scope of enterprise defenses and controls.
T1608,M1056,Pre-compromise,This technique cannot be easily mitigated with preventive controls since it is based on behaviors performed outside of the scope of enterprise defenses and controls.
T1584.008,M1056,Pre-compromise,This technique cannot be easily mitigated with preventive controls since it is based on behaviors performed outside of the scope of enterprise defenses and controls.
T1591.004,M1056,Pre-compromise,This technique cannot be easily mitigated with preventive controls since it is based on behaviors performed outside of the scope of enterprise defenses and controls. Efforts should focus on minimizing the amount and sensitivity of data available to external parties.
T1584,M1056,Pre-compromise,This technique cannot be easily mitigated with preventive controls since it is based on behaviors performed outside of the scope of enterprise defenses and controls.
T1596.005,M1056,Pre-compromise,This technique cannot be easily mitigated with preventive controls since it is based on behaviors performed outside of the scope of enterprise defenses and controls. Efforts should focus on minimizing the amount and sensitivity of data available to external parties.
T1593.001,M1056,Pre-compromise,This technique cannot be easily mitigated with preventive controls since it is based on behaviors performed outside of the scope of enterprise defenses and controls. Efforts should focus on minimizing the amount and sensitivity of data available to external parties.
T1650,M1056,Pre-compromise,This technique cannot be easily mitigated with preventive controls since it is based on behaviors performed outside of the scope of enterprise defenses and controls. 
T1608.002,M1056,Pre-compromise,This technique cannot be easily mitigated with preventive controls since it is based on behaviors performed outside of the scope of enterprise defenses and controls.
T1090.004,M1020,SSL/TLS Inspection,"If it is possible to inspect HTTPS traffic, the captures can be analyzed for connections that appear to be domain fronting."
T1573.002,M1020,SSL/TLS Inspection,SSL/TLS inspection can be used to see the contents of encrypted sessions to look for network-based indicators of malware communication protocols.
T1573,M1020,SSL/TLS Inspection,SSL/TLS inspection can be used to see the contents of encrypted sessions to look for network-based indicators of malware communication protocols.
T1090,M1020,SSL/TLS Inspection,"If it is possible to inspect HTTPS traffic, the captures can be analyzed for connections that appear to be domain fronting."
T1195,M1046,Boot Integrity,Use secure methods to boot a system and verify the integrity of the operating system and loading mechanisms.
T1542.001,M1046,Boot Integrity,Check the integrity of the existing BIOS or EFI to determine if it is vulnerable to modification. Use Trusted Platform Module technology. (Citation: TCG Trusted Platform Module) Move system's root of trust to hardware to prevent tampering with the SPI flash memory.(Citation: ESET LoJax Sept 2018) Technologies such as Intel Boot Guard can assist with this. (Citation: Intel Hardware-based Security Technologies)
T1542.003,M1046,Boot Integrity,Use Trusted Platform Module technology and a secure or trusted boot process to prevent system integrity from being compromised.(Citation: TCG Trusted Platform Module)(Citation: TechNet Secure Boot Process)
T1601.001,M1046,Boot Integrity,"Some vendors of embedded network devices provide cryptographic signing to ensure the integrity of operating system images at boot time.  Implement where available, following vendor guidelines. (Citation: Cisco IOS Software Integrity Assurance - Secure Boot)"
T1542.004,M1046,Boot Integrity,"Enable secure boot features to validate the digital signature of the boot environment and system image using a special purpose hardware device. If the validation check fails, the device will fail to boot preventing loading of unauthorized software. (Citation: Cisco IOS Software Integrity Assurance - Secure Boot) "
T1505,M1046,Boot Integrity,Enabling secure boot allows validation of software and drivers during initial system boot.
T1553.006,M1046,Boot Integrity,Use of Secure Boot may prevent some implementations of modification to code signing policies.(Citation: Microsoft TESTSIGNING Feb 2021)
T1601,M1046,Boot Integrity,"Some vendors of embedded network devices provide cryptographic signing to ensure the integrity of operating system images at boot time.  Implement where available, following vendor guidelines. (Citation: Cisco IOS Software Integrity Assurance - Secure Boot)"
T1505.006,M1046,Boot Integrity,Enabling secure boot allows ESXi to validate software and drivers during initial system boot.(Citation: Google Cloud Threat Intelligence ESXi Hardening 2023)
T1601.002,M1046,Boot Integrity,"Some vendors of embedded network devices provide cryptographic signing to ensure the integrity of operating system images at boot time.  Implement where available, following vendor guidelines. (Citation: Cisco IOS Software Integrity Assurance - Secure Boot)"
T1542,M1046,Boot Integrity,Use Trusted Platform Module technology and a secure or trusted boot process to prevent system integrity from being compromised. Check the integrity of the existing BIOS or EFI to determine if it is vulnerable to modification. (Citation: TCG Trusted Platform Module) (Citation: TechNet Secure Boot Process)
T1495,M1046,Boot Integrity,Check the integrity of the existing BIOS and device firmware to determine if it is vulnerable to modification.
T1542.005,M1046,Boot Integrity,"Enable secure boot features to validate the digital signature of the boot environment and system image using a special purpose hardware device. If the validation check fails, the device will fail to boot preventing loading of unauthorized software. (Citation: Cisco IOS Software Integrity Assurance - Secure Boot) "
T1195.003,M1046,Boot Integrity,Use Trusted Platform Module technology and a secure or trusted boot process to prevent system integrity from being compromised. Check the integrity of the existing BIOS or EFI to determine if it is vulnerable to modification.(Citation: TCG Trusted Platform Module)(Citation: TechNet Secure Boot Process)
T1114.001,M1060,Out-of-Band Communications Channel,"Implement secure out-of-band alerts to notify security teams of unusual local email activities, such as mass forwarding or large attachments being sent, indicating potential data exfiltration attempts.(Citation: TrustedSec OOB Communications)"
T1213,M1060,Out-of-Band Communications Channel,"Create plans for leveraging a secure out-of-band communications channel, rather than existing in-network chat applications, in case of a security incident.(Citation: TrustedSec OOB Communications)"
T1114.002,M1060,Out-of-Band Communications Channel,"Use secure out-of-band authentication methods to verify the authenticity of critical actions initiated via email, such as password resets, financial transactions, or access requests. 

For highly sensitive information, utilize out-of-band communication channels instead of relying solely on email. This reduces the risk of sensitive data being collected through compromised email accounts.

Set up out-of-band alerts to notify security teams of unusual email activities, such as mass forwarding or large attachments being sent, which could indicate email collection attempts.

Create plans for leveraging a secure out-of-band communications channel, rather than an existing in-network email server, in case of a security incident.(Citation: TrustedSec OOB Communications)"
T1213.005,M1060,Out-of-Band Communications Channel,Implement secure out-of-band communication channels to use as an alternative to in-network chat applications during a security incident. This ensures that critical communications remain secure even if primary messaging channels are compromised by adversaries.(Citation: TrustedSec OOB Communications)
T1489,M1060,Out-of-Band Communications Channel,Develop and enforce security policies that include the use of out-of-band communication channels for critical communications during a security incident.(Citation: TrustedSec OOB Communications)
T1114,M1060,Out-of-Band Communications Channel,"Use secure out-of-band authentication methods to verify the authenticity of critical actions initiated via email, such as password resets, financial transactions, or access requests. For highly sensitive information, utilize out-of-band communication channels instead of relying solely on email to prevent adversaries from collecting data through compromised email accounts.(Citation: TrustedSec OOB Communications)"
T1114.003,M1060,Out-of-Band Communications Channel,"Use secure out-of-band authentication methods to verify the authenticity of critical actions initiated via email, such as password resets, financial transactions, or access requests. 

For highly sensitive information, utilize out-of-band communication channels instead of relying solely on email. This reduces the risk of sensitive data being collected through compromised email accounts.

Set up out-of-band alerts to notify security teams of unusual email activities, such as mass forwarding or large attachments being sent, which could indicate email collection attempts.

Create plans for leveraging a secure out-of-band communications channel, rather than an existing in-network email server, in case of a security incident.(Citation: TrustedSec OOB Communications)"
T1565.003,M1030,Network Segmentation,Identify critical business and system processes that may be targeted by adversaries and work to isolate and secure those systems against unauthorized access and tampering.
T1613,M1030,Network Segmentation,"Deny direct remote access to internal systems through the use of network proxies, gateways, and firewalls."
T1098,M1030,Network Segmentation,Configure access controls and firewalls to limit access to critical systems and domain controllers. Most cloud environments support separate virtual private cloud (VPC) instances that enable further segmentation of cloud systems.
T1136,M1030,Network Segmentation,Configure access controls and firewalls to limit access to domain controllers and systems used to create and manage accounts.
T1021.001,M1030,Network Segmentation,Do not leave RDP accessible from the internet. Enable firewall rules to block RDP traffic between network security zones within a network.
T1190,M1030,Network Segmentation,Segment externally facing servers and services from the rest of the network with a DMZ or on separate hosting infrastructure.
T1602.002,M1030,Network Segmentation,Segregate SNMP traffic on a separate management network.(Citation: US-CERT TA17-156A SNMP Abuse 2017) 
T1136.003,M1030,Network Segmentation,Configure access controls and firewalls to limit access to critical systems and domain controllers. Most cloud environments support separate virtual private cloud (VPC) instances that enable further segmentation of cloud systems.
T1563.002,M1030,Network Segmentation,Enable firewall rules to block RDP traffic between network security zones within a network.
T1489,M1030,Network Segmentation,"Operate intrusion detection, analysis, and response systems on a separate network from the production environment to lessen the chances that an adversary can see and interfere with critical response functions."
T1048,M1030,Network Segmentation,Follow best practices for network firewall configurations to allow only necessary ports and traffic to enter and exit the network.(Citation: TechNet Firewall Design)
T1612,M1030,Network Segmentation,"Deny direct remote access to internal systems through the use of network proxies, gateways, and firewalls."
T1482,M1030,Network Segmentation,Employ network segmentation for sensitive domains.(Citation: Harmj0y Domain Trusts).
T1098.001,M1030,Network Segmentation,Configure access controls and firewalls to limit access to critical systems and domain controllers. Most cloud environments support separate virtual private cloud (VPC) instances that enable further segmentation of cloud systems.
T1046,M1030,Network Segmentation,Ensure proper network segmentation is followed to protect critical servers and devices.
T1563,M1030,Network Segmentation,Enable firewall rules to block unnecessary traffic between network security zones within a network.
T1571,M1030,Network Segmentation,Properly configure firewalls and proxies to limit outgoing traffic to only necessary ports for that particular network segment.
T1133,M1030,Network Segmentation,"Deny direct remote access to internal systems through the use of network proxies, gateways, and firewalls."
T1072,M1030,Network Segmentation,Ensure proper system isolation for critical network systems through use of firewalls.
T1669,M1030,Network Segmentation,"Network segmentation can be used to isolate infrastructure components that do not require broad network access. Separate networking environments for Wi-Fi and Ethernet-wired networks, particularly where Ethernet-based networks allow for access to sensitive resources."
T1021.003,M1030,Network Segmentation,"Enable Windows firewall, which prevents DCOM instantiation by default."
T1048.002,M1030,Network Segmentation,Follow best practices for network firewall configurations to allow only necessary ports and traffic to enter and exit the network.(Citation: TechNet Firewall Design)
T1557,M1030,Network Segmentation,"Network segmentation can be used to isolate infrastructure components that do not require broad network access. This may mitigate, or at least alleviate, the scope of AiTM activity."
T1552.007,M1030,Network Segmentation,"Deny direct remote access to internal systems through the use of network proxies, gateways, and firewalls."
T1602,M1030,Network Segmentation,Segregate SNMP traffic on a separate management network.(Citation: US-CERT TA17-156A SNMP Abuse 2017)
T1048.003,M1030,Network Segmentation,Follow best practices for network firewall configurations to allow only necessary ports and traffic to enter and exit the network.(Citation: TechNet Firewall Design)
T1095,M1030,Network Segmentation,Properly configure firewalls and proxies to limit outgoing traffic to only necessary ports and through proper network gateway systems. Also ensure hosts are only provisioned to communicate over authorized interfaces.
T1565,M1030,Network Segmentation,Identify critical business and system processes that may be targeted by adversaries and work to isolate and secure those systems against unauthorized access and tampering.
T1602.001,M1030,Network Segmentation,Segregate SNMP traffic on a separate management network.(Citation: US-CERT TA17-156A SNMP Abuse 2017)
T1557.001,M1030,Network Segmentation,"Network segmentation can be used to isolate infrastructure components that do not require broad network access. This may mitigate, or at least alleviate, the scope of AiTM activity."
T1021.006,M1030,Network Segmentation,"If the service is necessary, lock down critical enclaves with separate WinRM infrastructure and follow WinRM best practices on use of host firewalls to restrict WinRM access to allow communication only to/from specific devices.(Citation: NSA Spotting)"
T1048.001,M1030,Network Segmentation,Follow best practices for network firewall configurations to allow only necessary ports and traffic to enter and exit the network.(Citation: TechNet Firewall Design)
T1136.002,M1030,Network Segmentation,Configure access controls and firewalls to limit access to domain controllers and systems used to create and manage accounts.
T1040,M1030,Network Segmentation,"Deny direct access of broadcasts and multicast sniffing, and prevent attacks such as [Name Resolution Poisoning and SMB Relay](https://attack.mitre.org/techniques/T1557/001)"
T1199,M1030,Network Segmentation,Network segmentation can be used to isolate infrastructure components that do not require broad network access.
T1210,M1030,Network Segmentation,Segment networks and systems appropriately to reduce access to critical systems and services to controlled methods.
T1684.001,M1019,Threat Intelligence Program,Threat intelligence helps defenders and users be aware of and defend against common lures and active campaigns that have been used for impersonation.
T1068,M1019,Threat Intelligence Program,Develop a robust cyber threat intelligence capability to determine what types and levels of threat may use software exploits and 0-days against a particular organization.
T1211,M1019,Threat Intelligence Program,Develop a robust cyber threat intelligence capability to determine what types and levels of threat may use software exploits and 0-days against a particular organization.
T1212,M1019,Threat Intelligence Program,Develop a robust cyber threat intelligence capability to determine what types and levels of threat may use software exploits and 0-days against a particular organization.
T1210,M1019,Threat Intelligence Program,Develop a robust cyber threat intelligence capability to determine what types and levels of threat may use software exploits and 0-days against a particular organization.
T1078.004,M1027,Password Policies,"Ensure that cloud accounts, particularly privileged accounts, have complex, unique passwords across all systems on the network. Passwords and access keys should be rotated regularly. This limits the amount of time credentials can be used to access resources if a credential is compromised without your knowledge. Cloud service providers may track access key age to help audit and identify keys that may need to be rotated.(Citation: AWS - IAM Console Best Practices)"
T1556.005,M1027,Password Policies,Ensure that <code>AllowReversiblePasswordEncryption</code> property is set to disabled unless there are application requirements.(Citation: store_pwd_rev_enc)
T1552.002,M1027,Password Policies,Do not store credentials within the Registry.
T1550.003,M1027,Password Policies,"Ensure that local administrator accounts have complex, unique passwords."
T1552.004,M1027,Password Policies,Use strong passphrases for private keys to make cracking difficult.
T1558.002,M1027,Password Policies,Ensure strong password length (ideally 25+ characters) and complexity for service accounts and that these passwords periodically expire.(Citation: AdSecurity Cracking Kerberos Dec 2015) Also consider using Group Managed Service Accounts or another third party product such as password vaulting.(Citation: AdSecurity Cracking Kerberos Dec 2015)
T1003.003,M1027,Password Policies,"Ensure that local administrator accounts have complex, unique passwords across all systems on the network."
T1558.003,M1027,Password Policies,Ensure strong password length (ideally 25+ characters) and complexity for service accounts and that these passwords periodically expire.(Citation: AdSecurity Cracking Kerberos Dec 2015) Also consider using Group Managed Service Accounts or another third party product such as password vaulting.(Citation: AdSecurity Cracking Kerberos Dec 2015)
T1078,M1027,Password Policies,"Applications and appliances that utilize default username and password should be changed immediately after the installation, and before deployment to a production environment.(Citation: US-CERT Alert TA13-175A Risks of Default Passwords on the Internet) When possible, applications that use SSH keys should be updated periodically and properly secured.

Policies should minimize (if not eliminate) reuse of passwords between different user accounts, especially employees using the same credentials for personal accounts that may not be defended by enterprise security resources."
T1552,M1027,Password Policies,Use strong passphrases for private keys to make cracking difficult. Do not store credentials within the Registry. Establish an organizational policy that prohibits password storage in files.
T1550,M1027,Password Policies,Set and enforce secure password policies for accounts.
T1187,M1027,Password Policies,Use strong passwords to increase the difficulty of credential hashes from being cracked if they are obtained.
T1556,M1027,Password Policies,Ensure that <code>AllowReversiblePasswordEncryption</code> property is set to disabled unless there are application requirements.(Citation: store_pwd_rev_enc)
T1003.002,M1027,Password Policies,"Ensure that local administrator accounts have complex, unique passwords across all systems on the network."
T1558.004,M1027,Password Policies,Ensure strong password length (ideally 25+ characters) and complexity for service accounts and that these passwords periodically expire. Also consider using Group Managed Service Accounts or another third party product such as password vaulting. (Citation: AdSecurity Cracking Kerberos Dec 2015)
T1003.004,M1027,Password Policies,"Ensure that local administrator accounts have complex, unique passwords across all systems on the network."
T1072,M1027,Password Policies,Verify that account credentials that may be used to access deployment systems are unique and not used throughout the enterprise network.
T1003.005,M1027,Password Policies,"Ensure that local administrator accounts have complex, unique passwords across all systems on the network."
T1078.003,M1027,Password Policies,"Ensure that local administrator accounts have complex, unique passwords across all systems on the network."
T1003.007,M1027,Password Policies,"Ensure that root accounts have complex, unique passwords across all systems on the network."
T1003.008,M1027,Password Policies,"Ensure that root accounts have complex, unique passwords across all systems on the network."
T1078.001,M1027,Password Policies,"Applications and appliances that utilize default username and password should be changed immediately after the installation, and before deployment to a production environment. (Citation: US-CERT Alert TA13-175A Risks of Default Passwords on the Internet)"
T1555.001,M1027,Password Policies,The password for the user's login keychain can be changed from the user's login password. This increases the complexity for an adversary because they need to know an additional password.
T1563.001,M1027,Password Policies,Ensure SSH key pairs have strong passwords and refrain from using key-store technologies such as ssh-agent unless they are properly protected.
T1563,M1027,Password Policies,Set and enforce secure password policies for accounts.
T1078.002,M1027,Password Policies,"Implement and enforce strong password policies for domain accounts to ensure passwords are complex, unique, and regularly rotated. This reduces the likelihood of password guessing, credential stuffing, and other attack methods that rely on weak or static credentials."
T1555,M1027,Password Policies,"The password for the user's login keychain can be changed from the user's login password. This increases the complexity for an adversary because they need to know an additional password.

Organizations may consider weighing the risk of storing credentials in password stores and web browsers. If system, software, or web browser credential disclosure is a significant concern, technical controls, policy, and user training may be used to prevent storage of credentials in improper locations."
T1555.003,M1027,Password Policies,"Organizations may consider weighing the risk of storing credentials in web browsers. If web browser credential disclosure is a significant concern, technical controls, policy, and user training may be used to prevent storage of credentials in web browsers."
T1201,M1027,Password Policies,Ensure only valid password filters are registered. Filter DLLs must be present in Windows installation directory (<code>C:\Windows\System32\</code> by default) of a domain controller and/or local computer with a corresponding entry in <code>HKEY_LOCAL_MACHINE\SYSTEM\CurrentControlSet\Control\Lsa\Notification Packages</code>. (Citation: Microsoft Install Password Filter n.d)
T1021,M1027,Password Policies,Do not reuse local administrator account passwords across systems. Ensure password complexity and uniqueness such that the passwords cannot be cracked or guessed.
T1021.002,M1027,Password Policies,Do not reuse local administrator account passwords across systems. Ensure password complexity and uniqueness such that the passwords cannot be cracked or guessed.
T1003.001,M1027,Password Policies,"Ensure that local administrator accounts have complex, unique passwords across all systems on the network."
T1552.001,M1027,Password Policies,Establish an organizational policy that prohibits password storage in files.
T1599.001,M1027,Password Policies,Refer to NIST guidelines when creating password policies. (Citation: NIST 800-63-3)
T1110.004,M1027,Password Policies,Refer to NIST guidelines when creating password policies. (Citation: NIST 800-63-3)
T1110.002,M1027,Password Policies,Refer to NIST guidelines when creating password policies. (Citation: NIST 800-63-3)
T1599,M1027,Password Policies,Refer to NIST guidelines when creating password policies. (Citation: NIST 800-63-3)
T1601,M1027,Password Policies,Refer to NIST guidelines when creating password policies. (Citation: NIST 800-63-3)
T1110.001,M1027,Password Policies,Refer to NIST guidelines when creating password policies. (Citation: NIST 800-63-3)
T1110.003,M1027,Password Policies,Refer to NIST guidelines when creating password policies. (Citation: NIST 800-63-3)
T1110,M1027,Password Policies,Refer to NIST guidelines when creating password policies.(Citation: NIST 800-63-3)
T1601.002,M1027,Password Policies,Refer to NIST guidelines when creating password policies.  (Citation: NIST 800-63-3)
T1555.005,M1027,Password Policies,Refer to NIST guidelines when creating password policies for master passwords.(Citation: NIST 800-63-3)
T1601.001,M1027,Password Policies,Refer to NIST guidelines when creating password policies.  (Citation: NIST 800-63-3)
T1036.008,M1040,Behavior Prevention on Endpoint,"Implement security controls on the endpoint, such as a Host Intrusion Prevention System (HIPS), to identify and prevent execution of files with mismatching file signatures."
T1543.003,M1040,Behavior Prevention on Endpoint,"On Windows 10, enable Attack Surface Reduction (ASR) rules to prevent an application from writing a signed vulnerable driver to the system.(Citation: Malicious Driver Reporting Center) On Windows 10 and 11, enable Microsoft Vulnerable Driver Blocklist to assist in hardening against third party-developed service drivers.(Citation: Microsoft driver block rules)  "
T1055.002,M1040,Behavior Prevention on Endpoint,Some endpoint security solutions can be configured to block some types of process injection based on common sequences of behavior that occur during the injection process. 
T1055.004,M1040,Behavior Prevention on Endpoint,Some endpoint security solutions can be configured to block some types of process injection based on common sequences of behavior that occur during the injection process. 
T1027.014,M1040,Behavior Prevention on Endpoint,"On Windows 10+, enable Attack Surface Reduction (ASR) rules to prevent execution of potentially obfuscated payloads"
T1137.006,M1040,Behavior Prevention on Endpoint,"On Windows 10, enable Attack Surface Reduction (ASR) rules to prevent Office applications from creating child processes and from writing potentially malicious executable content to disk. (Citation: win10_asr)"
T1055.009,M1040,Behavior Prevention on Endpoint,Some endpoint security solutions can be configured to block some types of process injection based on common sequences of behavior that occur during the injection process. 
T1027.010,M1040,Behavior Prevention on Endpoint,"On Windows 10+, enable Attack Surface Reduction (ASR) rules to block execution of potentially obfuscated scripts.(Citation: Microsoft ASR Obfuscation)"
T1055.012,M1040,Behavior Prevention on Endpoint,Some endpoint security solutions can be configured to block some types of process injection based on common sequences of behavior that occur during the injection process. 
T1047,M1040,Behavior Prevention on Endpoint,"On Windows 10, enable Attack Surface Reduction (ASR) rules to block processes created by WMI commands from running. Note: many legitimate tools and applications utilize WMI for command execution. (Citation: win10_asr)"
T1059.007,M1040,Behavior Prevention on Endpoint,"On Windows 10, enable Attack Surface Reduction (ASR) rules to prevent [JavaScript](https://attack.mitre.org/techniques/T1059/007) scripts from executing potentially malicious downloaded content (Citation: win10_asr)."
T1204,M1040,Behavior Prevention on Endpoint,"On Windows 10, enable Attack Surface Reduction (ASR) rules to prevent executable files from running unless they meet a prevalence, age, or trusted list criteria and to prevent Office applications from creating potentially malicious executable content by blocking malicious code from being written to disk. Note: cloud-delivered protection must be enabled to use certain rules. (Citation: win10_asr)"
T1543,M1040,Behavior Prevention on Endpoint,"On Windows 10, enable Attack Surface Reduction (ASR) rules to prevent an application from writing a signed vulnerable driver to the system.(Citation: Malicious Driver Reporting Center) On Windows 10 and 11, enable Microsoft Vulnerable Driver Blocklist to assist in hardening against third party-developed drivers.(Citation: Microsoft driver block rules)  "
T1559.002,M1040,Behavior Prevention on Endpoint,"On Windows 10, enable Attack Surface Reduction (ASR) rules to prevent DDE attacks and spawning of child processes from Office programs.(Citation: Microsoft ASR Nov 2017)(Citation: Enigma Reviving DDE Jan 2018)"
T1574,M1040,Behavior Prevention on Endpoint,Some endpoint security solutions can be configured to block some types of behaviors related to process injection/memory tampering based on common sequences of indicators (ex: execution of specific API functions).
T1569.002,M1040,Behavior Prevention on Endpoint,"On Windows 10, enable Attack Surface Reduction (ASR) rules to block processes created by [PsExec](https://attack.mitre.org/software/S0029) from running. (Citation: win10_asr)"
T1055.014,M1040,Behavior Prevention on Endpoint,Some endpoint security solutions can be configured to block some types of process injection based on common sequences of behavior that occur during the injection process. 
T1055.013,M1040,Behavior Prevention on Endpoint,Some endpoint security solutions can be configured to block some types of process injection based on common sequences of behavior that occur during the injection process. 
T1216.001,M1040,Behavior Prevention on Endpoint,"On Windows 10, update Windows Defender Application Control policies to include rules that block the older, vulnerable versions of PubPrn.(Citation: Microsoft_rec_block_rules)"
T1036,M1040,Behavior Prevention on Endpoint,"Implement security controls on the endpoint, such as a Host Intrusion Prevention System (HIPS), to identify and prevent execution of potentially malicious files (such as those with mismatching file signatures)."
T1055.003,M1040,Behavior Prevention on Endpoint,Some endpoint security solutions can be configured to block some types of process injection based on common sequences of behavior that occur during the injection process. 
T1137.004,M1040,Behavior Prevention on Endpoint,"On Windows 10, enable Attack Surface Reduction (ASR) rules to prevent Office applications from creating child processes and from writing potentially malicious executable content to disk. (Citation: win10_asr)"
T1137,M1040,Behavior Prevention on Endpoint,"On Windows 10, enable Attack Surface Reduction (ASR) rules to prevent Office applications from creating child processes and from writing potentially malicious executable content to disk. (Citation: win10_asr)"
T1091,M1040,Behavior Prevention on Endpoint,"On Windows 10, enable Attack Surface Reduction (ASR) rules to block unsigned/untrusted executable files (such as .exe, .dll, or .scr) from running from USB removable drives. (Citation: win10_asr)"
T1137.001,M1040,Behavior Prevention on Endpoint,"On Windows 10, enable Attack Surface Reduction (ASR) rules to prevent Office applications from creating child processes and from writing potentially malicious executable content to disk. (Citation: win10_asr)"
T1137.002,M1040,Behavior Prevention on Endpoint,"On Windows 10, enable Attack Surface Reduction (ASR) rules to prevent Office applications from creating child processes and from writing potentially malicious executable content to disk. (Citation: win10_asr)"
T1574.013,M1040,Behavior Prevention on Endpoint,Some endpoint security solutions can be configured to block some types of behaviors related to process injection/memory tampering based on common sequences of indicators (ex: execution of specific API functions).
T1059.005,M1040,Behavior Prevention on Endpoint,"On Windows 10, enable Attack Surface Reduction (ASR) rules to prevent [Visual Basic](https://attack.mitre.org/techniques/T1059/005) scripts from executing potentially malicious downloaded content (Citation: win10_asr)."
T1055.011,M1040,Behavior Prevention on Endpoint,Some endpoint security solutions can be configured to block some types of process injection based on common sequences of behavior that occur during the injection process. 
T1564.014,M1040,Behavior Prevention on Endpoint,"During artifact review, packaging, or deployment stages, scan extended attributes alongside file contents to detect hidden payloads, obfuscated data, or suspicious attribute keys that may indicate malicious behavior."
T1027.012,M1040,Behavior Prevention on Endpoint,"On Windows 10, enable Attack Surface Reduction (ASR) rules to prevent execution of potentially obfuscated scripts or payloads."
T1486,M1040,Behavior Prevention on Endpoint,"On Windows 10, enable cloud-delivered protection and Attack Surface Reduction (ASR) rules to block the execution of files that resemble ransomware.(Citation: win10_asr) In AWS environments, create an IAM policy to restrict or block the use of SSE-C on S3 buckets.(Citation: Halcyon AWS Ransomware 2025)"
T1137.005,M1040,Behavior Prevention on Endpoint,"On Windows 10, enable Attack Surface Reduction (ASR) rules to prevent Office applications from creating child processes and from writing potentially malicious executable content to disk. (Citation: win10_asr)"
T1204.002,M1040,Behavior Prevention on Endpoint,"On Windows 10, various Attack Surface Reduction (ASR) rules can be enabled to prevent the execution of potentially malicious executable files (such as those that have been downloaded and executed by Office applications/scripting interpreters/email clients or that do not meet specific prevalence, age, or trusted list criteria). Note: cloud-delivered protection must be enabled for certain rules. (Citation: win10_asr)"
T1055.008,M1040,Behavior Prevention on Endpoint,Some endpoint security solutions can be configured to block some types of process injection based on common sequences of behavior that occur during the injection process. 
T1106,M1040,Behavior Prevention on Endpoint,"On Windows 10, enable Attack Surface Reduction (ASR) rules to prevent Office VBA macros from calling Win32 APIs. (Citation: win10_asr)"
T1055,M1040,Behavior Prevention on Endpoint,"Some endpoint security solutions can be configured to block some types of process injection based on common sequences of behavior that occur during the injection process. For example, on Windows 10, Attack Surface Reduction (ASR) rules may prevent Office applications from code injection. (Citation: win10_asr)"
T1569,M1040,Behavior Prevention on Endpoint,"On Windows 10, enable Attack Surface Reduction (ASR) rules to block processes created by [PsExec](https://attack.mitre.org/software/S0029) from running. (Citation: win10_asr)"
T1006,M1040,Behavior Prevention on Endpoint,"Some endpoint security solutions can be configured to block some types of behaviors related to efforts by an adversary to create backups, such as command execution or preventing API calls to backup related services."
T1559,M1040,Behavior Prevention on Endpoint,"On Windows 10, enable Attack Surface Reduction (ASR) rules to prevent DDE attacks and spawning of child processes from Office programs.(Citation: Microsoft ASR Nov 2017)(Citation: Enigma Reviving DDE Jan 2018)"
T1027,M1040,Behavior Prevention on Endpoint,"On Windows 10+, enable Attack Surface Reduction (ASR) rules to prevent execution of potentially obfuscated payloads. (Citation: win10_asr)"
T1027.009,M1040,Behavior Prevention on Endpoint,"On Windows 10, enable Attack Surface Reduction (ASR) rules to prevent execution of potentially obfuscated scripts.(Citation: win10_asr)"
T1137.003,M1040,Behavior Prevention on Endpoint,"On Windows 10, enable Attack Surface Reduction (ASR) rules to prevent Office applications from creating child processes and from writing potentially malicious executable content to disk. (Citation: win10_asr)"
T1546.003,M1040,Behavior Prevention on Endpoint,"On Windows 10, enable Attack Surface Reduction (ASR) rules to prevent malware from abusing WMI to attain persistence.(Citation: win10_asr)"
T1003.001,M1040,Behavior Prevention on Endpoint,"On Windows 10, enable Attack Surface Reduction (ASR) rules to secure LSASS and prevent credential stealing. (Citation: win10_asr)"
T1059,M1040,Behavior Prevention on Endpoint,"On Windows 10, enable Attack Surface Reduction (ASR) rules to prevent [Visual Basic](https://attack.mitre.org/techniques/T1059/005) and [JavaScript](https://attack.mitre.org/techniques/T1059/007) scripts from executing potentially malicious downloaded content (Citation: win10_asr)."
T1055.005,M1040,Behavior Prevention on Endpoint,Some endpoint security solutions can be configured to block some types of process injection based on common sequences of behavior that occur during the injection process. 
T1027.013,M1040,Behavior Prevention on Endpoint,"On Windows 10+, enable Attack Surface Reduction (ASR) rules to block execution of potentially obfuscated scripts.(Citation: Obfuscated scripts)

Security tools should be configured to analyze the encoding properties of files and detect anomalies that deviate from standard encoding practices."
T1055.001,M1040,Behavior Prevention on Endpoint,Some endpoint security solutions can be configured to block some types of process injection based on common sequences of behavior that occur during the injection process. 
T1055.015,M1040,Behavior Prevention on Endpoint,Some endpoint security solutions can be configured to block some types of process injection based on common sequences of behavior that occur during the injection process.
T1580,M1018,User Account Management,"Limit permissions to discover cloud infrastructure in accordance with least privilege. Organizations should limit the number of users within the organization with an IAM role that has administrative privileges, strive to reduce all permanent privileged role assignments, and conduct periodic entitlement reviews on IAM users, roles and policies."
T1677,M1018,User Account Management,"Ensure that CI/CD pipelines only have permissions they require to complete their operations. Additionally, limit the number of users who have write access to internal repositories to only those necessary."
T1078.002,M1018,User Account Management,"Regularly review and manage domain accounts to ensure that only active, necessary accounts exist. Remove or disable inactive and unnecessary accounts to reduce the risk of adversaries abusing these accounts to gain unauthorized access or move laterally within the network."
T1543,M1018,User Account Management,Limit privileges of user accounts and groups so that only authorized administrators can interact with system-level process changes and service configurations.
T1040,M1018,User Account Management,"In cloud environments, ensure that users are not granted permissions to create or modify traffic mirrors unless this is explicitly required."
T1578,M1018,User Account Management,"Limit permissions for creating, deleting, and otherwise altering compute components in accordance with least privilege. Organizations should limit the number of users within the organization with an IAM role that has administrative privileges, strive to reduce all permanent privileged role assignments, and conduct periodic entitlement reviews on IAM users, roles and policies.(Citation: Mandiant M-Trends 2020)"
T1072,M1018,User Account Management,"Ensure that any accounts used by third-party providers to access these systems are traceable to the third-party and are not used throughout the network or used by other third-party providers in the same environment. Ensure there are regular reviews of accounts provisioned to these systems to verify continued business need, and ensure there is governance to trace de-provisioning of access that is no longer required. Ensure proper system and access isolation for critical network systems through use of account privilege separation."
T1021.008,M1018,User Account Management,Limit which users are allowed to access compute infrastructure via cloud native methods.
T1574.010,M1018,User Account Management,Limit privileges of user accounts and groups so that only authorized administrators can interact with service changes and service binary target path locations. Deny execution from user directories such as file download directories and temp directories where able.
T1213.004,M1018,User Account Management,Enforce the principle of least-privilege. Consider implementing access control mechanisms that include both authentication and authorization. 
T1578.005,M1018,User Account Management,Limit permissions to request quotas adjustments or modify tenant-level compute setting to only those required.
T1685.001,M1018,User Account Management,Ensure proper user permissions are in place to prevent adversaries from disabling or interfering with logging.
T1098.004,M1018,User Account Management,"In cloud environments, ensure that only users who explicitly require the permissions to update instance metadata or configurations can do so."
T1619,M1018,User Account Management,Restrict granting of permissions related to listing objects in cloud storage to necessary accounts.
T1685,M1018,User Account Management,Ensure proper user permissions are in place to prevent adversaries from disabling or interfering with security services.
T1053,M1018,User Account Management,Limit privileges of user accounts and remediate Privilege Escalation vectors so only authorized administrators can create scheduled tasks on remote systems.
T1556.006,M1018,User Account Management,Ensure that proper policies are implemented to dictate the secure enrollment and deactivation of MFA for user accounts.
T1530,M1018,User Account Management,"Configure user permissions groups and roles for access to cloud storage.(Citation: Microsoft Azure Storage Security, 2019) Implement strict Identity and Access Management (IAM) controls to prevent access to storage solutions except for the applications, users, and services that require access.(Citation: Amazon S3 Security, 2019) Ensure that temporary access tokens are issued rather than permanent credentials, especially when access is being granted to entities outside of the internal security boundary.(Citation: Amazon  AWS Temporary Security Credentials)"
T1036,M1018,User Account Management,Consider defining and enforcing a naming convention for user accounts to more easily spot generic account names that do not fit the typical schema.
T1197,M1018,User Account Management,"
Consider limiting access to the BITS interface to specific users or groups.(Citation: Symantec BITS May 2007)"
T1537,M1018,User Account Management,Limit user account and IAM policies to the least privileges required.
T1556.009,M1018,User Account Management,Limit permissions to modify conditional access policies to only those required.
T1566.003,M1018,User Account Management,Enforce strict user account management policies on third-party service accounts to control access and limit privileges. Configure accounts with the minimum permissions necessary to perform their roles and regularly review access levels. This minimizes the risk of adversaries exploiting service accounts to execute spearphishing attacks or gain unauthorized access to sensitive resources.
T1546.003,M1018,User Account Management,"By default, only administrators are allowed to connect remotely using WMI; restrict other users that are allowed to connect, or disallow all users from connecting remotely to WMI."
T1547.009,M1018,User Account Management,"Limit Privileges for Shortcut Creation: While the SeCreateSymbolicLinkPrivilege is not directly related to .lnk file creation, you should still enforce least privilege principles by limiting user rights to create and modify shortcuts, especially in system-critical locations. This can be done through GPO: Computer Configuration > [Policies] > Windows Settings > Security Settings > Local Policies > User Rights Assignment: Create symbolic links. (Citation: UCF STIG Symbolic Links)

Regular User Permissions Review: Regularly review and audit user permissions to ensure that only necessary accounts have write access to startup folders and critical system directories."
T1578.003,M1018,User Account Management,"Limit permissions for deleting new instances in accordance with least privilege. Organizations should limit the number of users within the organization with an IAM role that has administrative privileges, strive to reduce all permanent privileged role assignments, and conduct periodic entitlement reviews on IAM users, roles and policies.(Citation: Mandiant M-Trends 2020)"
T1134,M1018,User Account Management,An adversary must already have administrator level access on the local system to make full use of this technique; be sure to restrict users and accounts to the least privileges they require.  
T1686.002,M1018,User Account Management,Ensure proper user permissions are in place to prevent adversaries from disabling or modifying firewall settings.
T1543.004,M1018,User Account Management,Limit privileges of user accounts and remediate Privilege Escalation vectors so only authorized administrators can create new Launch Daemons.
T1047,M1018,User Account Management,"By default, only administrators are allowed to connect remotely using WMI. Restrict other users who are allowed to connect, or disallow all users to connect remotely to WMI."
T1134.001,M1018,User Account Management,An adversary must already have administrator level access on the local system to make full use of this technique; be sure to restrict users and accounts to the least privileges they require.  
T1566.001,M1018,User Account Management,"Apply user account management principles to limit permissions for accounts interacting with email attachments, ensuring that only necessary accounts have the ability to open or execute files. Restricting account privileges reduces the potential impact of malicious attachments by preventing unauthorized execution or spread of malware within the environment."
T1609,M1018,User Account Management,"Enforce authentication and role-based access control on the container service to restrict users to the least privileges required.(Citation: Kubernetes Hardening Guide) When using Kubernetes, avoid giving users wildcard permissions or adding users to the `system:masters` group, and use `RoleBindings` rather than `ClusterRoleBindings` to limit user privileges to specific namespaces.(Citation: Kubernetes RBAC)"
T1550.003,M1018,User Account Management,Do not allow a user to be a local administrator for multiple systems.
T1654,M1018,User Account Management,Limit the ability to access and export sensitive logs to privileged accounts where possible.
T1574,M1018,User Account Management,"Limit privileges of user accounts and groups so that only authorized administrators can interact with service changes and service binary target path locations. Deny execution from user directories such as file download directories and temp directories where able.

Ensure that proper permissions and directory access control are set to deny users the ability to write files to the top-level directory <code>C:</code> and system directories, such as <code>C:\Windows\</code>, to reduce places where malicious files could be placed for execution."
T1078,M1018,User Account Management,Regularly audit user accounts for activity and deactivate or remove any that are no longer needed.
T1098.001,M1018,User Account Management,"Ensure that low-privileged user accounts do not have permission to add access keys to accounts. In AWS environments, prohibit users from calling the `sts:GetFederationToken` API unless explicitly required.(Citation: Crowdstrike AWS User Federation Persistence)"
T1053.007,M1018,User Account Management,Limit privileges of user accounts and remediate privilege escalation vectors so only authorized administrators can create container orchestration jobs.
T1484.001,M1018,User Account Management,Consider implementing WMI and security filtering to further tailor which users and computers a GPO will apply to.(Citation: Wald0 Guide to GPOs)(Citation: Microsoft WMI Filters)(Citation: Microsoft GPO Security Filtering)
T1547.006,M1018,User Account Management,"Use MDM to disable user's ability to install or approve kernel extensions, and ensure all approved kernel extensions are in alignment with policies specified in <code>com.apple.syspolicy.kernel-extension-policy</code>.(Citation: Apple TN2459 Kernel Extensions)(Citation: MDMProfileConfigMacOS)
"
T1563.002,M1018,User Account Management,Limit remote user permissions if remote access is necessary.
T1098,M1018,User Account Management,Ensure that low-privileged user accounts do not have permissions to modify accounts or account-related policies.
T1569,M1018,User Account Management,Prevent users from installing their own launch agents or launch daemons.
T1686,M1018,User Account Management,Ensure proper user permissions are in place to prevent adversaries from disabling or modifying firewall settings.
T1666,M1018,User Account Management,"Limit permissions to add, delete, or modify resource groups to only those required. "
T1213.002,M1018,User Account Management,Enforce the principle of least-privilege. Consider implementing access control mechanisms that include both authentication and authorization.
T1543.002,M1018,User Account Management,Limit user access to system utilities such as `systemctl` to only users who have a legitimate need.
T1485.001,M1018,User Account Management,"In cloud environments, limit permissions to modify cloud bucket lifecycle policies (e.g., `PutLifecycleConfiguration` in AWS) to only those accounts that require it. In AWS environments, consider using Service Control policies to limit the use of the `PutBucketLifecycle` API call. "
T1021,M1018,User Account Management,"Limit the accounts that may use remote services. Limit the permissions for accounts that are at higher risk of compromise; for example, configure SSH so users can only run specific programs."
T1685.004,M1018,User Account Management,An adversary must already have root level access on the local system to make full use of this technique; be sure to restrict users and accounts to the least privileges they require.
T1550.002,M1018,User Account Management,Do not allow a domain user to be in the local administrator group on multiple systems.
T1555.005,M1018,User Account Management,Implement strict user account management policies to prevent unnecessary accounts from accessing sensitive systems. Regularly audit user accounts to identify and disable inactive accounts that may be targeted by attackers to extract credentials or gain unauthorized access.
T1484,M1018,User Account Management,Consider implementing WMI and security filtering to further tailor which users and computers a GPO will apply to.(Citation: Wald0 Guide to GPOs)(Citation: Microsoft WMI Filters)(Citation: Microsoft GPO Security Filtering)
T1548,M1018,User Account Management,"Limit the privileges of cloud accounts to assume, create, or impersonate additional roles, policies, and permissions to only those required. Where just-in-time access is enabled, consider requiring manual approval for temporary elevation of privileges."
T1078.003,M1018,User Account Management,"Enforce user account management practices for local accounts to limit access and remove inactive or unused accounts. By doing so, you reduce the attack surface available to adversaries and prevent unauthorized access to local systems."
T1547.013,M1018,User Account Management,Limit privileges of user accounts so only authorized privileged users can create and modify XDG autostart entries.
T1686.001,M1018,User Account Management,Ensure least privilege principles are applied to Identity and Access Management (IAM) security policies.(Citation: Expel IO Evil in AWS)
T1213,M1018,User Account Management,Enforce the principle of least-privilege. Consider implementing access control mechanisms that include both authentication and authorization.
T1675,M1018,User Account Management,"If not required, restrict the permissions of users to perform Guest Operations on ESXi-hosted VMs.(Citation: Broadcom Virtual Machine Guest Operations Privileges)"
T1021.001,M1018,User Account Management,Limit remote user permissions if remote access is necessary.
T1484.002,M1018,User Account Management,"In cloud environments, limit permissions to create new identity providers to only those accounts that require them. In AWS environments, consider using Service Control policies to limit the use of API calls such as `CreateSAMLProvider` or `CreateOpenIDConnectProvider`. "
T1578.001,M1018,User Account Management,"Limit permissions for creating snapshots or backups in accordance with least privilege. Organizations should limit the number of users within the organization with an IAM role that has administrative privileges, strive to reduce all permanent privileged role assignments, and conduct periodic entitlement reviews on IAM users, roles and policies.(Citation: Mandiant M-Trends 2020)"
T1606.002,M1018,User Account Management,"Ensure that user accounts with administrative rights follow best practices, including use of privileged access workstations, Just in Time/Just Enough Administration (JIT/JEA), and strong authentication. Reduce the number of users that are members of highly privileged Directory Roles.(Citation: Microsoft SolarWinds Customer Guidance)"
T1134.002,M1018,User Account Management,An adversary must already have administrator level access on the local system to make full use of this technique; be sure to restrict users and accounts to the least privileges they require.
T1053.005,M1018,User Account Management,Limit privileges of user accounts and remediate Privilege Escalation vectors so only authorized administrators can create scheduled tasks on remote systems. 
T1566.002,M1018,User Account Management,Azure AD Administrators apply limitations upon the ability for users to grant consent to unfamiliar or unverified third-party applications. 
T1555.003,M1018,User Account Management,Implement strict user account management policies to prevent unnecessary accounts from accessing sensitive systems. Regularly audit user accounts to identify and disable inactive accounts that may be targeted by attackers to extract credentials or gain unauthorized access.
T1199,M1018,User Account Management,"Properly manage accounts and permissions used by parties in trusted relationships to minimize potential abuse by the party and if the party is compromised by an adversary. In Office 365 environments, partner relationships and roles can be viewed under the “Partner Relationships” page.(Citation: Office 365 Partner Relationships)
"
T1110.004,M1018,User Account Management,"Proactively reset accounts that are known to be part of breached credentials either immediately, or after detecting bruteforce attempts."
T1185,M1018,User Account Management,"Since browser pivoting requires a high integrity process to launch from, restricting user permissions and addressing Privilege Escalation and [Bypass User Account Control](https://attack.mitre.org/techniques/T1548/002) opportunities can limit the exposure to this technique."
T1195,M1018,User Account Management,"Implement robust user account management practices to limit permissions associated with software execution. Ensure that software runs with the lowest necessary privileges, avoiding the use of root or administrator accounts when possible. By restricting permissions, you can minimize the risk of propagation and unauthorized actions in the event of a supply chain compromise, reducing the attack surface for adversaries to exploit within compromised systems."
T1021.004,M1018,User Account Management,Limit which user accounts are allowed to login via SSH.
T1685.002,M1018,User Account Management,Configure default account policy to enable logging. Manage policies to ensure only necessary users have permissions to make changes to logging policies.
T1134.003,M1018,User Account Management,An adversary must already have administrator level access on the local system to make full use of this technique; be sure to restrict users and accounts to the least privileges they require.  
T1489,M1018,User Account Management,Limit privileges of user accounts and groups so that only authorized administrators can interact with service changes and service configurations.
T1657,M1018,User Account Management,"Limit access/authority to execute sensitive transactions, and switch to systems and procedures designed to authenticate/approve payments and purchase requests outside of insecure communication lines such as email."
T1110,M1018,User Account Management,"Proactively reset accounts that are known to be part of breached credentials either immediately, or after detecting bruteforce attempts."
T1485,M1018,User Account Management,"In cloud environments, limit permissions to modify cloud bucket lifecycle policies (e.g., `PutLifecycleConfiguration` in AWS) to only those accounts that require it. In AWS environments, consider using Service Control policies to limit the use of the `PutBucketLifecycle` API call. "
T1548.005,M1018,User Account Management,"Limit the privileges of cloud accounts to assume, create, or impersonate additional roles, policies, and permissions to only those required. Where just-in-time access is enabled, consider requiring manual approval for temporary elevation of privileges."
T1538,M1018,User Account Management,Enforce the principle of least-privilege by limiting dashboard visibility to only the resources required. This may limit the discovery value of the dashboard in the event of a compromised account.
T1087,M1018,User Account Management,"Manage the creation, modification, use, and permissions associated to user accounts."
T1550,M1018,User Account Management,Enforce the principle of least-privilege. Do not allow a domain user to be in the local administrator group on multiple systems.
T1053.002,M1018,User Account Management,"Limit privileges of user accounts and remediate Privilege Escalation vectors so only authorized administrators can create scheduled tasks on remote systems. In Linux environments, users account-level access to <code>[at](https://attack.mitre.org/software/S0110)</code> can be managed using <code>at.allow</code> and <code>at.deny</code> files. Users listed in the at.allow are enabled to schedule actions using at, whereas users listed in at.deny file disabled from the utility."
T1053.003,M1018,User Account Management,"<code>cron</code> permissions are controlled by <code>/etc/cron.allow and /etc/cron.deny</code>. If there is a <code>cron.allow</code> file, then the user or users that need to use <code>cron</code> will need to be listed in the file. <code>cron.deny</code> is used to explicitly disallow users from using cron. If neither files exist, then only the super user is allowed to run cron."
T1547.004,M1018,User Account Management,Limit the privileges of user accounts so that only authorized administrators can perform Winlogon helper changes.
T1569.003,M1018,User Account Management,Limit user access to `systemctl` to only users who have a legitimate need.
T1505.003,M1018,User Account Management,Enforce the principle of least privilege by limiting privileges of user accounts so only authorized accounts can modify the web directory.(Citation: NSA and ASD Detect and Prevent Web Shells 2020)
T1006,M1018,User Account Management,Ensure only accounts required to configure and manage backups have the privileges to do so. Monitor these accounts for unauthorized backup activity.
T1552.007,M1018,User Account Management,"Enforce authentication and role-based access control on the container API to restrict users to the least privileges required.(Citation: Kubernetes Hardening Guide) When using Kubernetes, avoid giving users wildcard permissions or adding users to the `system:masters` group, and use `RoleBindings` rather than `ClusterRoleBindings` to limit user privileges to specific namespaces.(Citation: Kubernetes RBAC)"
T1543.005,M1018,User Account Management,"Limit access to utilities such as docker to only users who have a legitimate need, especially if using docker in rootful mode. In Kubernetes environments, only grant privileges to deploy pods to users that require it.  "
T1648,M1018,User Account Management,"Remove permissions to create, modify, or run serverless resources from users that do not explicitly require them."
T1213.003,M1018,User Account Management,Enforce the principle of least-privilege. Consider implementing access control mechanisms that include both authentication and authorization for code repositories.
T1613,M1018,User Account Management,"Enforce the principle of least privilege by limiting dashboard visibility to only the required users. When using Kubernetes, avoid giving users wildcard permissions or adding users to the `system:masters` group, and use `RoleBindings` rather than `ClusterRoleBindings` to limit user privileges to specific namespaces.(Citation: Kubernetes RBAC)"
T1547.012,M1018,User Account Management,Limit user accounts that can load or unload device drivers by disabling <code>SeLoadDriverPrivilege</code>.
T1543.003,M1018,User Account Management,Limit privileges of user accounts and groups so that only authorized administrators can interact with service changes and service configurations. 
T1213.006,M1018,User Account Management,Enforce the principle of least-privilege. Consider implementing access control mechanisms that include both authentication and authorization. 
T1556,M1018,User Account Management,"Ensure that proper policies are implemented to dictate the the secure enrollment and deactivation of authentication mechanisms, such as MFA, for user accounts."
T1528,M1018,User Account Management,"Enforce role-based access control to limit accounts to the least privileges they require. A Cloud Access Security Broker (CASB) can be used to set usage policies and manage user permissions on cloud applications to prevent access to application access tokens. In Kubernetes applications, set “automountServiceAccountToken: false” in the YAML specification of pods that do not require access to service account tokens.(Citation: Kubernetes Hardening Guide)"
T1490,M1018,User Account Management,"Limit the user accounts that have access to backups to only those required. In AWS environments, consider using Service Control Policies to restrict API calls to delete backups, snapshots, and images. "
T1036.010,M1018,User Account Management,Consider defining and enforcing a naming convention for user accounts to more easily spot generic account names that do not fit the typical schema. 
T1053.006,M1018,User Account Management,Limit user access to system utilities such as 'systemctl' or 'systemd-run' to users who have a legitimate need.
T1574.005,M1018,User Account Management,Limit privileges of user accounts and groups so that only authorized administrators can interact with service changes and service binary target path locations. Deny execution from user directories such as file download directories and temp directories where able.
T1563,M1018,User Account Management,Limit remote user permissions if remote access is necessary.
T1569.001,M1018,User Account Management,Prevent users from installing their own launch agents or launch daemons.
T1213.001,M1018,User Account Management,Enforce the principle of least-privilege. Consider implementing access control mechanisms that include both authentication and authorization.
T1578.002,M1018,User Account Management,"Limit permissions for creating new instances in accordance with least privilege. Organizations should limit the number of users within the organization with an IAM role that has administrative privileges, strive to reduce all permanent privileged role assignments, and conduct periodic entitlement reviews on IAM users, roles and policies.(Citation: Mandiant M-Trends 2020)"
T1087.004,M1018,User Account Management,"Limit permissions to discover cloud accounts in accordance with least privilege. Organizations should limit the number of users within the organization with an IAM role that has administrative privileges, strive to reduce all permanent privileged role assignments, and conduct periodic entitlement reviews on IAM users, roles and policies."
T1505,M1018,User Account Management,Enforce the principle of least privilege by limiting privileges of user accounts so only authorized accounts can modify and/or add server software components.(Citation: NSA and ASD Detect and Prevent Web Shells 2020)
T1606,M1018,User Account Management,"Ensure that user accounts with administrative rights follow best practices, including use of privileged access workstations, Just in Time/Just Enough Administration (JIT/JEA), and strong authentication. Reduce the number of users that are members of highly privileged Directory Roles.(Citation: Microsoft SolarWinds Customer Guidance) In AWS environments, prohibit users from calling the `sts:GetFederationToken` API unless explicitly required.(Citation: Crowdstrike AWS User Federation Persistence)"
T1686.003,M1018,User Account Management,Ensure proper user permissions are in place to prevent adversaries from disabling or modifying firewall settings.
T1048,M1018,User Account Management,"Configure user permissions groups and roles for access to cloud storage.(Citation: Microsoft Azure Storage Security, 2019) Implement strict Identity and Access Management (IAM) controls to prevent access to storage solutions except for the applications, users, and services that require access.(Citation: Amazon S3 Security, 2019) Ensure that temporary access tokens are issued rather than permanent credentials, especially when access is being granted to entities outside of the internal security boundary.(Citation: Amazon  AWS Temporary Security Credentials)"
T1059.008,M1018,User Account Management,"Use of Authentication, Authorization, and Accounting (AAA) systems will limit actions users can perform and provide a history of user actions to detect unauthorized use and abuse. Ensure least privilege principles are applied to user accounts and groups so that only authorized users can perform configuration changes. (Citation: Cisco IOS Software Integrity Assurance - AAA)"
T1098.006,M1018,User Account Management,Ensure that low-privileged accounts do not have permissions to add permissions to accounts or to update container cluster roles. 
T1098.003,M1018,User Account Management,Ensure that low-privileged user accounts do not have permissions to add permissions to accounts or update IAM policies.
T1020.001,M1018,User Account Management,"In cloud environments, ensure that users are not granted permissions to create or modify traffic mirrors unless this is explicitly required."
T1574.012,M1018,User Account Management,Limit the privileges of user accounts so that only authorized administrators can edit system environment variables.
T1078.004,M1018,User Account Management,Periodically review user accounts and remove those that are inactive or unnecessary. Limit the ability for user accounts to create additional accounts.
T1036.005,M1022,Restrict File and Directory Permissions,Use file system access controls to protect folders such as `C:\Windows\System32`.
T1565.001,M1022,Restrict File and Directory Permissions,Ensure least privilege principles are applied to important information resources to reduce exposure to data manipulation risk.
T1037.004,M1022,Restrict File and Directory Permissions,Limit privileges of user accounts so only authorized users can edit the `rc.common` file.
T1222.002,M1022,Restrict File and Directory Permissions,Applying more restrictive permissions to files and directories could prevent adversaries from modifying the access control lists.
T1037.005,M1022,Restrict File and Directory Permissions,"Since StartupItems are deprecated, preventing all users from writing to the <code>/Library/StartupItems</code> directory would prevent any startup items from getting registered."
T1053.006,M1022,Restrict File and Directory Permissions,Restrict read/write access to systemd <code>.timer</code> unit files to only select privileged users who have a legitimate need to manage system services.
T1218.002,M1022,Restrict File and Directory Permissions,"Restrict storage and execution of Control Panel items to protected directories, such as <code>C:\Windows</code>, rather than user directories."
T1547.003,M1022,Restrict File and Directory Permissions,Consider using Group Policy to configure and block additions/modifications to W32Time DLLs. (Citation: Microsoft W32Time May 2017)
T1574.004,M1022,Restrict File and Directory Permissions,"Set directory access controls to prevent file writes to the search paths for applications, both in the folders where applications are run from and the standard dylib folders."
T1222.001,M1022,Restrict File and Directory Permissions,Applying more restrictive permissions to files and directories could prevent adversaries from modifying the access control lists.
T1037.003,M1022,Restrict File and Directory Permissions,Restrict write access to logon scripts to specific administrators.
T1686.003,M1022,Restrict File and Directory Permissions,Ensure proper process and file permissions are in place to prevent adversaries from disabling or modifying firewall settings.
T1098.004,M1022,Restrict File and Directory Permissions,Restrict access to the <code>authorized_keys</code> file.
T1565.003,M1022,Restrict File and Directory Permissions,"Prevent critical business and system processes from being replaced, overwritten, or reconfigured to load potentially malicious code."
T1552.004,M1022,Restrict File and Directory Permissions,"Ensure permissions are properly set on folders containing sensitive private keys to prevent unintended access. Additionally, on Cisco devices, set the `nonexportable` flag during RSA key pair generation.(Citation: cisco_deploy_rsa_keys)"
T1055.009,M1022,Restrict File and Directory Permissions,Restrict the permissions on sensitive files such as <code>/proc/[pid]/maps</code> or <code>/proc/[pid]/mem</code>. 
T1685,M1022,Restrict File and Directory Permissions,Ensure proper process and file permissions are in place to prevent adversaries from disabling or interfering with security services.
T1686,M1022,Restrict File and Directory Permissions,Ensure proper process and file permissions are in place to prevent adversaries from disabling or modifying firewall settings.
T1574.007,M1022,Restrict File and Directory Permissions,"Ensure that proper permissions and directory access control are set to deny users the ability to write files to the top-level directory <code>C:</code> and system directories, such as <code>C:\Windows\</code>, to reduce places where malicious files could be placed for execution. Require that all executables be placed in write-protected directories."
T1547.013,M1022,Restrict File and Directory Permissions,Restrict write access to XDG autostart entries to only select privileged users.
T1564.004,M1022,Restrict File and Directory Permissions,"Consider adjusting read and write permissions for NTFS EA, though this should be tested to ensure routine OS operations are not impeded. (Citation: InsiderThreat NTFS EA Oct 2017)"
T1543.001,M1022,Restrict File and Directory Permissions,Set group policies to restrict file permissions to the <code>~/launchagents</code> folder.(Citation: piazza launch agent mitigation)
T1574.008,M1022,Restrict File and Directory Permissions,"Ensure that proper permissions and directory access control are set to deny users the ability to write files to the top-level directory <code>C:</code> and system directories, such as <code>C:\Windows\</code>, to reduce places where malicious files could be placed for execution. Require that all executables be placed in write-protected directories."
T1546.013,M1022,Restrict File and Directory Permissions,Making PowerShell profiles immutable and only changeable by certain administrators will limit the ability for adversaries to easily create user level persistence.
T1070,M1022,Restrict File and Directory Permissions,Protect generated event files that are stored locally with proper permissions and authentication and limit opportunities for adversaries to increase privileges by preventing Privilege Escalation opportunities.
T1098,M1022,Restrict File and Directory Permissions,Restrict access to potentially sensitive files that deal with authentication and/or authorization.
T1574,M1022,Restrict File and Directory Permissions,"Install software in write-protected locations. Set directory access controls to prevent file writes to the search paths for applications, both in the folders where applications are run from and the standard library folders."
T1036,M1022,Restrict File and Directory Permissions,Use file system access controls to protect folders such as C:\\Windows\\System32.
T1547.009,M1022,Restrict File and Directory Permissions,"Applying strict permissions to directories where shortcuts are stored, such as the startup folder, can prevent unauthorized modifications."
T1222,M1022,Restrict File and Directory Permissions,"Applying more restrictive permissions to files and directories could prevent adversaries from modifying their access control lists. Additionally, ensure that user settings regarding local and remote symbolic links are properly set or disabled where unneeded.(Citation: create_sym_links)"
T1053,M1022,Restrict File and Directory Permissions,Restrict access by setting directory and file permissions that are not specific to users or privileged accounts.
T1563.001,M1022,Restrict File and Directory Permissions,Ensure proper file permissions are set and harden system to prevent root privilege escalation opportunities.
T1070.008,M1022,Restrict File and Directory Permissions,Protect generated event files that are stored locally with proper permissions and authentication and limit opportunities for adversaries to increase privileges by preventing Privilege Escalation opportunities. 
T1548.003,M1022,Restrict File and Directory Permissions,The sudoers file should be strictly edited such that passwords are always required and that users can't spawn risky processes as users with higher privilege.
T1070.009,M1022,Restrict File and Directory Permissions,Protect generated event files that are stored locally with proper permissions and authentication and limit opportunities for adversaries to increase privileges by preventing Privilege Escalation opportunities. 
T1552,M1022,Restrict File and Directory Permissions,Restrict file shares to specific directories with access only to necessary users.
T1543.002,M1022,Restrict File and Directory Permissions,Restrict read/write access to systemd unit files to only select privileged users who have a legitimate need to manage system services.
T1070.003,M1022,Restrict File and Directory Permissions,Preventing users from deleting or writing to certain files can stop adversaries from maliciously altering their <code>~/.bash_history</code> or <code>ConsoleHost_history.txt</code> files.
T1543,M1022,Restrict File and Directory Permissions,Restrict read/write access to system-level process files to only select privileged users who have a legitimate need to manage system services.
T1037.002,M1022,Restrict File and Directory Permissions,Restrict write access to logon scripts to specific administrators.
T1685.006,M1022,Restrict File and Directory Permissions,Protect generated event files that are stored locally with proper permissions and authentication and limit opportunities for adversaries to increase privileges by preventing Privilege Escalation opportunities.
T1556,M1022,Restrict File and Directory Permissions,Restrict write access to the `/Library/Security/SecurityAgentPlugins` directory.
T1548,M1022,Restrict File and Directory Permissions,The sudoers file should be strictly edited such that passwords are always required and that users can't spawn risky processes as users with higher privilege.
T1546.004,M1022,Restrict File and Directory Permissions,Making these files immutable and only changeable by certain administrators will limit the ability for adversaries to easily create user level persistence.
T1530,M1022,Restrict File and Directory Permissions,Use access control lists on storage systems and objects.
T1574.014,M1022,Restrict File and Directory Permissions,"Install .NET applications and related software in write-protected locations. Set directory access controls to prevent file writes to the search paths for .NET applications, both in the folders where applications are run from and the standard resources folders."
T1574.009,M1022,Restrict File and Directory Permissions,"Ensure that proper permissions and directory access control are set to deny users the ability to write files to the top-level directory <code>C:</code> and system directories, such as <code>C:\Windows\</code>, to reduce places where malicious files could be placed for execution. Require that all executables be placed in write-protected directories."
T1565,M1022,Restrict File and Directory Permissions,Ensure least privilege principles are applied to important information resources to reduce exposure to data manipulation risk.
T1569,M1022,Restrict File and Directory Permissions,Ensure that high permission level service binaries cannot be replaced or modified by users with a lower permission level.
T1569.002,M1022,Restrict File and Directory Permissions,Ensure that high permission level service binaries cannot be replaced or modified by users with a lower permission level.
T1037,M1022,Restrict File and Directory Permissions,Restrict write access to logon scripts to specific administrators.
T1685.005,M1022,Restrict File and Directory Permissions,Protect generated event files that are stored locally with proper permissions and authentication and limit opportunities for adversaries to increase privileges by preventing Privilege Escalation opportunities.
T1489,M1022,Restrict File and Directory Permissions,Ensure proper process and file permissions are in place to inhibit adversaries from disabling or interfering with critical services.
T1048,M1022,Restrict File and Directory Permissions,Use access control lists on cloud storage systems and objects. 
T1036.003,M1022,Restrict File and Directory Permissions,Use file system access controls to protect folders such as `C:\Windows\System32`. 
T1080,M1022,Restrict File and Directory Permissions,Protect shared folders by minimizing users who have write access.
T1553.003,M1022,Restrict File and Directory Permissions,"Restrict storage and execution of SIP DLLs to protected directories, such as C:\\Windows, rather than user directories."
T1685.001,M1022,Restrict File and Directory Permissions,"Ensure proper process and file permissions are in place to prevent adversaries from disabling or interfering with logging or deleting or modifying .evtx logging files. Ensure .evtx files, which are located at <code>C:\Windows\system32\Winevt\Logs</code>(Citation: win_xml_evt_log), have the proper file permissions for limited, legitimate access and audit policies for detection. "
T1552.001,M1022,Restrict File and Directory Permissions,Restrict file shares to specific directories with access only to necessary users.
T1548.006,M1022,Restrict File and Directory Permissions,"When using an MDM, ensure the permissions granted are specific to the requirements of the binary. Full Disk Access should be restricted to only necessary binaries in alignment with policy. "
T1053.005,M1026,Privileged Account Management,Configure the Increase Scheduling Priority option to only allow the Administrators group the rights to schedule a priority process. This can be configured through GPO: Computer Configuration > [Policies] > Windows Settings > Security Settings > Local Policies > User Rights Assignment: Increase scheduling priority. (Citation: TechNet Scheduling Priority)
T1550.003,M1026,Privileged Account Management,Limit domain admin account permissions to domain controllers and limited servers. Delegate other admin functions to separate accounts.(Citation: ADSecurity AD Kerberos Attacks)
T1555.006,M1026,Privileged Account Management,Limit the number of cloud accounts and services with permission to query the secrets manager to only those required. Ensure that accounts and services with permissions to query the secrets manager only have access to the secrets they require.
T1505.004,M1026,Privileged Account Management,Do not allow administrator accounts that have permissions to add IIS components to be used for day-to-day operations that may expose these permissions to potential adversaries and/or other unprivileged systems.
T1556.005,M1026,Privileged Account Management,"Audit domain and local accounts as well as their permission levels routinely to look for situations that could allow an adversary to gain wide access by obtaining credentials of a privileged account.(Citation: TechNet Credential Theft)(Citation: TechNet Least Privilege) These audits should also include if default accounts have been enabled, or if new local accounts are created that have not be authorized. Follow best practices for design and administration of an enterprise network to limit privileged account use across administrative tiers.(Citation: Microsoft Securing Privileged Access)"
T1555,M1026,Privileged Account Management,Limit the number of accounts and services with permission to query information from password stores to only those required. Ensure that accounts and services with permissions to query password stores only have access to the secrets they require.
T1569.002,M1026,Privileged Account Management,Ensure that permissions disallow services that run at a higher permissions level from being created or interacted with by a user with a lower permission level.
T1505.002,M1026,Privileged Account Management,Do not allow administrator accounts that have permissions to add component software on these services to be used for day-to-day operations that may expose them to potential adversaries on unprivileged systems. 
T1047,M1026,Privileged Account Management,Prevent credential overlap across systems of administrator and privileged accounts. (Citation: FireEye WMI 2015)
T1552.002,M1026,Privileged Account Management,"If it is necessary that software must store credentials in the Registry, then ensure the associated accounts have limited permissions so they cannot be abused if obtained by an adversary."
T1098.003,M1026,Privileged Account Management,"Ensure that all accounts use the least privileges they require. In Azure AD environments, consider using Privileged Identity Management (PIM) to define roles that require two or more approvals before assignment to users.(Citation: Microsoft Requests for Azure AD Roles in Privileged Identity Management)"
T1222.001,M1026,Privileged Account Management,"Ensure critical system files as well as those known to be abused by adversaries have restrictive permissions and are owned by an appropriately privileged account, especially if access is not required by users nor will inhibit system functionality."
T1556.003,M1026,Privileged Account Management,"Limit access to the root account and prevent users from modifying PAM components through proper privilege separation (ex SELinux, grsecurity, AppArmor, etc.) and limiting Privilege Escalation opportunities."
T1021.006,M1026,Privileged Account Management,"If the service is necessary, lock down critical enclaves with separate WinRM accounts and permissions."
T1569,M1026,Privileged Account Management,Ensure that permissions disallow services that run at a higher permissions level from being created or interacted with by a user with a lower permission level.
T1599,M1026,Privileged Account Management,"Restrict administrator accounts to as few individuals as possible, following least privilege principles.  Prevent credential overlap across systems of administrator and privileged accounts, particularly between network and non-network platforms, such as servers or endpoints."
T1003.008,M1026,Privileged Account Management,Follow best practices in restricting access to privileged accounts to avoid hostile programs from accessing such sensitive information.
T1072,M1026,Privileged Account Management,Grant access to application deployment systems only to a limited number of authorized administrators.
T1543,M1026,Privileged Account Management,"Manage the creation, modification, use, and permissions associated to privileged accounts, including SYSTEM and root."
T1553.006,M1026,Privileged Account Management,Limit the usage of local administrator and domain administrator accounts to be used for day-to-day operations that may expose them to potential adversaries.
T1484,M1026,Privileged Account Management,Use least privilege and protect administrative access to the Domain Controller and Active Directory Federation Services (AD FS) server. Do not create service accounts with administrative privileges.
T1547.006,M1026,Privileged Account Management,Limit access to the root account and prevent users from loading kernel modules and extensions through proper privilege separation and limiting Privilege Escalation opportunities.
T1134.003,M1026,Privileged Account Management,"Limit permissions so that users and user groups cannot create tokens. This setting should be defined for the local system account only. GPO: Computer Configuration > [Policies] > Windows Settings > Security Settings > Local Policies > User Rights Assignment: Create a token object. (Citation: Microsoft Create Token) Also define who can create a process level token to only the local and network service through GPO: Computer Configuration > [Policies] > Windows Settings > Security Settings > Local Policies > User Rights Assignment: Replace a process level token.(Citation: Microsoft Replace Process Token)

Administrators should log in as a standard user but run their tools with administrator privileges using the built-in access token manipulation command <code>runas</code>.(Citation: Microsoft runas)"
T1542.001,M1026,Privileged Account Management,Prevent adversary access to privileged accounts or access necessary to perform this technique.
T1078.002,M1026,Privileged Account Management,"Audit domain account permission levels routinely to look for situations that could allow an adversary to gain wide access by obtaining credentials of a privileged account. Do not put user or admin domain accounts in the local administrator groups across systems unless they are tightly controlled and use of accounts is segmented, as this is often equivalent to having a local administrator account with the same password on all systems. Follow best practices for design and administration of an enterprise network to limit privileged account use across administrative tiers. Limit credential overlap across systems to prevent access if account credentials are obtained."
T1190,M1026,Privileged Account Management,Use least privilege for service accounts will limit what permissions the exploited process gets on the rest of the system.
T1078.004,M1026,Privileged Account Management,"Review privileged cloud account permission levels routinely to look for those that could allow an adversary to gain wide access, such as Global Administrator and Privileged Role Administrator in Azure AD.(Citation: TechNet Credential Theft)(Citation: TechNet Least Privilege)(Citation: Microsoft Azure security baseline for Azure Active Directory) These reviews should also check if new privileged cloud accounts have been created that were not authorized. For example, in Azure AD environments configure alerts to notify when accounts have gone many days without using privileged roles, as these roles may be able to be removed.(Citation: Microsoft Security Alerts for Azure AD Roles) Consider using temporary, just-in-time (JIT) privileged access to Azure AD resources rather than permanently assigning privileged roles.(Citation: Microsoft Azure security baseline for Azure Active Directory)"
T1078.003,M1026,Privileged Account Management,"Audit local accounts permission levels routinely to look for situations that could allow an adversary to gain wide access by obtaining credentials of a privileged account. (Citation: TechNet Credential Theft) (Citation: TechNet Least Privilege) Limit the usage of local administrator accounts to be used for day-to-day operations that may expose them to potential adversaries. 

For example, audit the use of service accounts in Kubernetes, and avoid automatically granting them access to the Kubernetes API if this is not required.(Citation: Kubernetes Service Accounts) Implementing LAPS may also help prevent reuse of local administrator credentials across a domain.(Citation: Microsoft Remote Use of Local)"
T1688,M1026,Privileged Account Management,"Restrict administrator accounts to as few individuals as possible, following least privilege principles, that may be abused to remotely boot a machine in safe mode.(Citation: CyberArk Labs Safe Mode 2016)"
T1558.002,M1026,Privileged Account Management,"Limit service accounts to minimal required privileges, including membership in privileged groups such as Domain Administrators.(Citation: AdSecurity Cracking Kerberos Dec 2015)"
T1612,M1026,Privileged Account Management,"Ensure containers are not running as root by default. In Kubernetes environments, consider defining Pod Security Standards that prevent pods from running privileged containers.(Citation: Kubernetes Hardening Guide)"
T1484.002,M1026,Privileged Account Management,Use the principal of least privilege and protect administrative access to domain trusts and identity tenants.
T1098.002,M1026,Privileged Account Management,Do not allow domain administrator accounts to be used for day-to-day operations that may expose them to potential adversaries on unprivileged systems.
T1059.013,M1026,Privileged Account Management,"Restrict permissions on API access. RBAC in Kubernetes involve permissions that are additive, meaning there are no explicit ""deny"" rules. These permissions can be defined within a particular namespace or within cluster-scoped resources. Securing the Docker daemon can be done by using SSH or TLS with certificate authorization. Container management tools such as Docker and Podman may offer ways to run containers as rootless, which prevents them from running with privileged permissions."
T1003.003,M1026,Privileged Account Management,"Do not put user or admin domain accounts in the local administrator groups across systems unless they are tightly controlled, as this is often equivalent to having a local administrator account with the same password on all systems. Follow best practices for design and administration of an enterprise network to limit privileged account use across administrative tiers."
T1222.002,M1026,Privileged Account Management,"Ensure critical system files as well as those known to be abused by adversaries have restrictive permissions and are owned by an appropriately privileged account, especially if access is not required by users nor will inhibit system functionality."
T1542.005,M1026,Privileged Account Management,"Use of Authentication, Authorization, and Accounting (AAA) systems will limit actions administrators can perform and provide a history of user actions to detect unauthorized use and abuse. TACACS+ can keep control over which commands administrators are permitted to use through the configuration of authentication and command authorization. (Citation: Cisco IOS Software Integrity Assurance - AAA) (Citation: Cisco IOS Software Integrity Assurance - TACACS)"
T1134.002,M1026,Privileged Account Management,"Limit permissions so that users and user groups cannot create tokens. This setting should be defined for the local system account only. GPO: Computer Configuration > [Policies] > Windows Settings > Security Settings > Local Policies > User Rights Assignment: Create a token object. (Citation: Microsoft Create Token) Also define who can create a process level token to only the local and network service through GPO: Computer Configuration > [Policies] > Windows Settings > Security Settings > Local Policies > User Rights Assignment: Replace a process level token.(Citation: Microsoft Replace Process Token)

Administrators should log in as a standard user but run their tools with administrator privileges using the built-in access token manipulation command <code>runas</code>.(Citation: Microsoft runas)"
T1606,M1026,Privileged Account Management,Restrict permissions and access to the AD FS server to only originate from privileged access workstations.(Citation: FireEye ADFS)
T1559.001,M1026,Privileged Account Management,"Modify Registry settings (directly or using Dcomcnfg.exe) in `HKEY_LOCAL_MACHINE\\SOFTWARE\\Classes\\AppID\\{AppID_GUID}` associated with the process-wide security of individual COM applications.(Citation: Microsoft Process Wide Com Keys)

Modify Registry settings (directly or using Dcomcnfg.exe) in `HKEY_LOCAL_MACHINE\\SOFTWARE\\Microsoft\\Ole` associated with system-wide security defaults for all COM applications that do no set their own process-wide security.(Citation: Microsoft System Wide Com Keys) (Citation: Microsoft COM ACL)"
T1611,M1026,Privileged Account Management,"Ensure containers are not running as root by default and do not use unnecessary privileges or mounted components. In Kubernetes environments, consider defining Pod Security Standards that prevent pods from running privileged containers.(Citation: Kubernetes Hardening Guide)"
T1136.003,M1026,Privileged Account Management,Limit the number of accounts with permissions to create other accounts. Do not allow privileged accounts to be used for day-to-day operations that may expose them to potential adversaries on unprivileged systems.
T1218,M1026,Privileged Account Management,Restrict execution of particularly vulnerable binaries to privileged accounts or groups that need to use it to lessen the opportunities for malicious usage.
T1550,M1026,Privileged Account Management,Limit credential overlap across systems to prevent the damage of credential compromise and reduce the adversary's ability to perform Lateral Movement between systems.
T1053.007,M1026,Privileged Account Management,"Ensure containers are not running as root by default. In Kubernetes environments, consider defining Pod Security Standards that prevent pods from running privileged containers.(Citation: Kubernetes Hardening Guide)"
T1553,M1026,Privileged Account Management,"Manage the creation, modification, use, and permissions associated to privileged accounts, including SYSTEM and root."
T1003.002,M1026,Privileged Account Management,"Do not put user or admin domain accounts in the local administrator groups across systems unless they are tightly controlled, as this is often equivalent to having a local administrator account with the same password on all systems. Follow best practices for design and administration of an enterprise network to limit privileged account use across administrative tiers."
T1055,M1026,Privileged Account Management,"Utilize Yama (ex: /proc/sys/kernel/yama/ptrace_scope) to mitigate ptrace based process injection by restricting the use of ptrace to privileged users only. Other mitigation controls involve the deployment of security kernel modules that provide advanced access control and process restrictions such as SELinux, grsecurity, and AppArmor."
T1548,M1026,Privileged Account Management,"Remove users from the local administrator group on systems.

By requiring a password, even if an adversary can get terminal access, they must know the password to run anything in the sudoers file. Setting the timestamp_timeout to 0 will require the user to input their password every time sudo is executed."
T1556.001,M1026,Privileged Account Management,"Audit domain and local accounts as well as their permission levels routinely to look for situations that could allow an adversary to gain wide access by obtaining credentials of a privileged account. (Citation: TechNet Credential Theft) (Citation: TechNet Least Privilege) These audits should also include if default accounts have been enabled, or if new local accounts are created that have not be authorized. Follow best practices for design and administration of an enterprise network to limit privileged account use across administrative tiers. (Citation: Microsoft Securing Privileged Access)"
T1552.007,M1026,Privileged Account Management,"Use the principle of least privilege for privileged accounts such as the service account in Kubernetes. For example, if a pod is not required to access the Kubernetes API, consider disabling the service account altogether.(Citation: Kubernetes Service Accounts)"
T1078,M1026,Privileged Account Management,"Audit domain and local accounts as well as their permission levels routinely to look for situations that could allow an adversary to gain wide access by obtaining credentials of a privileged account. (Citation: TechNet Credential Theft) (Citation: TechNet Least Privilege) These audits should also include if default accounts have been enabled, or if new local accounts are created that have not been authorized. Follow best practices for design and administration of an enterprise network to limit privileged account use across administrative tiers. (Citation: Microsoft Securing Privileged Access)"
T1098.001,M1026,Privileged Account Management,Do not allow domain administrator or root accounts to be used for day-to-day operations that may expose them to potential adversaries on unprivileged systems.
T1525,M1026,Privileged Account Management,Limit permissions associated with creating and modifying platform images or containers based on the principle of least privilege.
T1053,M1026,Privileged Account Management,Configure the Increase Scheduling Priority option to only allow the Administrators group the rights to schedule a priority process. This can be can be configured through GPO: Computer Configuration > [Policies] > Windows Settings > Security Settings > Local Policies > User Rights Assignment: Increase scheduling priority. (Citation: TechNet Scheduling Priority)
T1548.002,M1026,Privileged Account Management,Remove users from the local administrator group on systems.
T1021.002,M1026,Privileged Account Management,Deny remote use of local admin credentials to log into systems. Do not allow domain user accounts to be in the local Administrators group multiple systems.
T1548.006,M1026,Privileged Account Management,Remove unnecessary users from the local administrator group on systems.
T1542.003,M1026,Privileged Account Management,Ensure proper permissions are in place to help prevent adversary access to privileged accounts necessary to install a bootkit.
T1222,M1026,Privileged Account Management,"Ensure critical system files as well as those known to be abused by adversaries have restrictive permissions and are owned by an appropriately privileged account, especially if access is not required by users nor will inhibit system functionality."
T1609,M1026,Privileged Account Management,"Ensure containers are not running as root by default. In Kubernetes environments, consider defining Pod Security Standards that prevent pods from running privileged containers and using the `NodeRestriction` admission controller to deny the kublet access to nodes and pods outside of the node it belongs to.(Citation: Kubernetes Hardening Guide) (Citation: Kubernetes Admission Controllers)"
T1098,M1026,Privileged Account Management,Do not allow domain administrator accounts to be used for day-to-day operations that may expose them to potential adversaries on unprivileged systems.
T1601.001,M1026,Privileged Account Management,"Restrict administrator accounts to as few individuals as possible, following least privilege principles.  Prevent credential overlap across systems of administrator and privileged accounts, particularly between network and non-network platforms, such as servers or endpoints."
T1558.001,M1026,Privileged Account Management,Limit domain admin account permissions to domain controllers and limited servers. Delegate other admin functions to separate accounts.
T1556.007,M1026,Privileged Account Management,"Limit on-premises accounts with access to the hybrid identity solution in place. For example, limit Entra ID Global Administrator accounts to only those required, and ensure that these are dedicated cloud-only accounts rather than hybrid ones.(Citation: MagicWeb)"
T1546.003,M1026,Privileged Account Management,Prevent credential overlap across systems of administrator and privileged accounts.(Citation: FireEye WMI 2015)
T1003.001,M1026,Privileged Account Management,"Do not put user or admin domain accounts in the local administrator groups across systems unless they are tightly controlled, as this is often equivalent to having a local administrator account with the same password on all systems. Follow best practices for design and administration of an enterprise network to limit privileged account use across administrative tiers."
T1059,M1026,Privileged Account Management,"When PowerShell is necessary, consider restricting PowerShell execution policy to administrators. Be aware that there are methods of bypassing the PowerShell execution policy, depending on environment configuration.(Citation: Netspi PowerShell Execution Policy Bypass)

PowerShell JEA (Just Enough Administration) may also be used to sandbox administration and limit what commands admins/users can execute through remote PowerShell sessions.(Citation: Microsoft PS JEA)"
T1056.003,M1026,Privileged Account Management,Do not allow administrator accounts that have permissions to modify the Web content of organization login portals to be used for day-to-day operations that may expose them to potential adversaries on unprivileged systems.
T1550.002,M1026,Privileged Account Management,Limit credential overlap across systems to prevent the damage of credential compromise and reduce the adversary's ability to perform Lateral Movement between systems.
T1601.002,M1026,Privileged Account Management,"Restrict administrator accounts to as few individuals as possible, following least privilege principles.  Prevent credential overlap across systems of administrator and privileged accounts, particularly between network and non-network platforms, such as servers or endpoints."
T1542,M1026,Privileged Account Management,Ensure proper permissions are in place to help prevent adversary access to privileged accounts necessary to perform these actions
T1136,M1026,Privileged Account Management,Limit the number of accounts with permissions to create other accounts. Do not allow domain administrator accounts to be used for day-to-day operations that may expose them to potential adversaries on unprivileged systems.
T1495,M1026,Privileged Account Management,Prevent adversary access to privileged accounts or access necessary to replace system firmware.
T1606.002,M1026,Privileged Account Management,Restrict permissions and access to the AD FS server to only originate from privileged access workstations.(Citation: FireEye ADFS)
T1563.002,M1026,Privileged Account Management,Consider removing the local Administrators group from the list of groups allowed to log in through RDP.
T1134,M1026,Privileged Account Management,"Limit permissions so that users and user groups cannot create tokens. This setting should be defined for the local system account only. GPO: Computer Configuration > [Policies] > Windows Settings > Security Settings > Local Policies > User Rights Assignment: Create a token object. (Citation: Microsoft Create Token) Also define who can create a process level token to only the local and network service through GPO: Computer Configuration > [Policies] > Windows Settings > Security Settings > Local Policies > User Rights Assignment: Replace a process level token.(Citation: Microsoft Replace Process Token)

Administrators should log in as a standard user but run their tools with administrator privileges using the built-in access token manipulation command <code>runas</code>.(Citation: Microsoft runas)"
T1543.002,M1026,Privileged Account Management,The creation and modification of systemd service unit files is generally reserved for administrators such as the Linux root user and other users with superuser privileges. 
T1136.001,M1026,Privileged Account Management,Limit the number of accounts permitted to create other accounts. Limit the usage of local administrator accounts to be used for day-to-day operations that may expose them to potential adversaries.
T1003.005,M1026,Privileged Account Management,"Do not put user or admin domain accounts in the local administrator groups across systems unless they are tightly controlled, as this is often equivalent to having a local administrator account with the same password on all systems. Follow best practices for design and administration of an enterprise network to limit privileged account use across administrative tiers."
T1556.004,M1026,Privileged Account Management,"Restrict administrator accounts to as few individuals as possible, following least privilege principles.  Prevent credential overlap across systems of administrator and privileged accounts, particularly between network and non-network platforms, such as servers or endpoints."
T1003.004,M1026,Privileged Account Management,Follow best practices for design and administration of an enterprise network to limit privileged account use across administrative tiers.(Citation: Tilbury Windows Credentials)
T1059.009,M1026,Privileged Account Management,Use of proper Identity and Access Management (IAM) with Role Based Access Control (RBAC) policies to limit actions administrators can perform and provide a history of administrative actions to detect unauthorized use and abuse.
T1559,M1026,Privileged Account Management,"Modify Registry settings (directly or using Dcomcnfg.exe) in `HKEY_LOCAL_MACHINE\\SOFTWARE\\Classes\\AppID\\{AppID_GUID}` associated with the process-wide security of individual COM applications.(Citation: Microsoft Process Wide Com Keys)

Modify Registry settings (directly or using Dcomcnfg.exe) in `HKEY_LOCAL_MACHINE\\SOFTWARE\\Microsoft\\Ole` associated with system-wide security defaults for all COM applications that do no set their own process-wide security.(Citation: Microsoft System Wide Com Keys) (Citation: Microsoft COM ACL)"
T1505.001,M1026,Privileged Account Management,Do not allow administrator accounts that have permissions to add component software on these services to be used for day-to-day operations that may expose them to potential adversaries on unprivileged systems. 
T1055.008,M1026,Privileged Account Management,"Utilize Yama (ex: /proc/sys/kernel/yama/ptrace_scope) to mitigate ptrace based process injection by restricting the use of ptrace to privileged users only. Other mitigation controls involve the deployment of security kernel modules that provide advanced access control and process restrictions such as SELinux, grsecurity, and AppArmor. "
T1599.001,M1026,Privileged Account Management,"Restrict administrator accounts to as few individuals as possible, following least privilege principles.  Prevent credential overlap across systems of administrator and privileged accounts, particularly between network and non-network platforms, such as servers or endpoints."
T1003.007,M1026,Privileged Account Management,Follow best practices in restricting access to privileged accounts to avoid hostile programs from accessing sensitive information.
T1134.001,M1026,Privileged Account Management,"Limit permissions so that users and user groups cannot create tokens. This setting should be defined for the local system account only. GPO: Computer Configuration > [Policies] > Windows Settings > Security Settings > Local Policies > User Rights Assignment: Create a token object. (Citation: Microsoft Create Token) Also define who can create a process level token to only the local and network service through GPO: Computer Configuration > [Policies] > Windows Settings > Security Settings > Local Policies > User Rights Assignment: Replace a process level token.(Citation: Microsoft Replace Process Token)

Administrators should log in as a standard user but run their tools with administrator privileges using the built-in access token manipulation command <code>runas</code>.(Citation: Microsoft runas)"
T1556,M1026,Privileged Account Management,"Audit domain and local accounts as well as their permission levels routinely to look for situations that could allow an adversary to gain wide access by obtaining credentials of a privileged account. (Citation: TechNet Credential Theft) (Citation: TechNet Least Privilege) These audits should also include if default accounts have been enabled, or if new local accounts are created that have not be authorized. Follow best practices for design and administration of an enterprise network to limit privileged account use across administrative tiers. (Citation: Microsoft Securing Privileged Access)

Limit access to the root account and prevent users from modifying protected components through proper privilege separation (ex SELinux, grsecurity, AppArmor, etc.) and limiting Privilege Escalation opportunities.

Limit on-premises accounts with access to the hybrid identity solution in place. For example, limit Azure AD Global Administrator accounts to only those required, and ensure that these are dedicated cloud-only accounts rather than hybrid ones.(Citation: MagicWeb)"
T1021.007,M1026,Privileged Account Management,"Limit the number of high-privileged domain and cloud accounts, and ensure that these are not used for day-to-day operations. Ensure that on-premises accounts do not have privileged cloud permissions and that isolated, cloud-only accounts are used for managing cloud environments.(Citation: Protecting Microsoft 365 From On-Premises Attacks)"
T1601,M1026,Privileged Account Management,"Restrict administrator accounts to as few individuals as possible, following least privilege principles.  Prevent credential overlap across systems of administrator and privileged accounts, particularly between network and non-network platforms, such as servers or endpoints."
T1053.002,M1026,Privileged Account Management,Configure the Increase Scheduling Priority option to only allow the Administrators group the rights to schedule a priority process. This can be configured through GPO: Computer Configuration > [Policies] > Windows Settings > Security Settings > Local Policies > User Rights Assignment: Increase scheduling priority. (Citation: TechNet Scheduling Priority)
T1552,M1026,Privileged Account Management,"If it is necessary that software must store credentials in the Registry, then ensure the associated accounts have limited permissions so they cannot be abused if obtained by an adversary."
T1563,M1026,Privileged Account Management,Do not allow remote access to services as a privileged account unless necessary.
T1563.001,M1026,Privileged Account Management,Do not allow remote access via SSH as root or other privileged accounts.
T1059.001,M1026,Privileged Account Management,"When PowerShell is necessary, consider restricting PowerShell execution policy to administrators. Be aware that there are methods of bypassing the PowerShell execution policy, depending on environment configuration.(Citation: Netspi PowerShell Execution Policy Bypass)

PowerShell JEA (Just Enough Administration) may also be used to sandbox administration and limit what commands admins/users can execute through remote PowerShell sessions.(Citation: Microsoft PS JEA)"
T1021.001,M1026,Privileged Account Management,Consider removing the local Administrators group from the list of groups allowed to log in through RDP.
T1053.006,M1026,Privileged Account Management,Limit access to the root account and prevent users from creating and/or modifying systemd timer unit files. 
T1136.002,M1026,Privileged Account Management,Limit the number of accounts with permissions to create other accounts. Do not allow domain administrator accounts to be used for day-to-day operations that may expose them to potential adversaries on unprivileged systems.
T1021.003,M1026,Privileged Account Management,"Modify Registry settings (directly or using Dcomcnfg.exe) in `HKEY_LOCAL_MACHINE\SOFTWARE\Classes\AppID\{{AppID_GUID}}` associated with the process-wide security of individual COM applications.(Citation: Microsoft Process Wide Com Keys)

Modify Registry settings (directly or using Dcomcnfg.exe) in `HKEY_LOCAL_MACHINE\SOFTWARE\Microsoft\Ole` associated with system-wide security defaults for all COM applications that do not set their own process-wide security.(Citation: Microsoft System Wide Com Keys) (Citation: Microsoft COM ACL)"
T1059.008,M1026,Privileged Account Management,"Use of Authentication, Authorization, and Accounting (AAA) systems will limit actions administrators can perform and provide a history of user actions to detect unauthorized use and abuse. TACACS+ can keep control over which commands administrators are permitted to use through the configuration of authentication and command authorization(Citation: Cisco IOS Software Integrity Assurance - AAA) (Citation: Cisco IOS Software Integrity Assurance - TACACS)"
T1218.007,M1026,Privileged Account Management,Restrict execution of Msiexec.exe to privileged accounts or groups that need to use it to lessen the opportunities for malicious usage.
T1505,M1026,Privileged Account Management,Do not allow administrator accounts that have permissions to add component software on these services to be used for day-to-day operations that may expose them to potential adversaries on unprivileged systems.
T1548.003,M1026,Privileged Account Management,"By requiring a password, even if an adversary can get terminal access, they must know the password to run anything in the sudoers file. Setting the <code>timestamp_timeout</code> to 0 will require the user to input their password every time <code>sudo</code> is executed."
T1651,M1026,Privileged Account Management,"Limit the number of cloud accounts with permissions to remotely execute commands on virtual machines, and ensure that these are not used for day-to-day operations. In Azure, limit the number of accounts with the roles Azure Virtual Machine Contributer and above, and consider using temporary Just-in-Time (JIT) roles to avoid permanently assigning privileged access to virtual machines.(Citation: Mandiant Azure Run Command 2021) "
T1558.003,M1026,Privileged Account Management,"Limit service accounts to minimal required privileges, including membership in privileged groups such as Domain Administrators.(Citation: AdSecurity Cracking Kerberos Dec 2015)"
T1210,M1026,Privileged Account Management,Minimize permissions and access for service accounts to limit impact of exploitation.
T1546,M1026,Privileged Account Management,"Manage the creation, modification, use, and permissions associated to privileged accounts, including SYSTEM and root."
T1547.003,M1024,Restrict Registry Permissions,Consider using Group Policy to configure and block modifications to W32Time parameters in the Registry. (Citation: Microsoft W32Time May 2017)
T1574.012,M1024,Restrict Registry Permissions,Ensure proper permissions are set for Registry hives to prevent users from modifying keys associated with COR_PROFILER.
T1037.001,M1024,Restrict Registry Permissions,Ensure proper permissions are set for Registry hives to prevent users from modifying keys for logon scripts that may lead to persistence.
T1556.008,M1024,Restrict Registry Permissions,Restrict Registry permissions to disallow the modification of sensitive Registry keys such as `HKEY_LOCAL_MACHINE\SYSTEM\CurrentControlSet\Control\NetworkProvider\Order`.
T1556,M1024,Restrict Registry Permissions,Restrict Registry permissions to disallow the modification of sensitive Registry keys such as `HKEY_LOCAL_MACHINE\SYSTEM\CurrentControlSet\Control\NetworkProvider\Order`.
T1686,M1024,Restrict Registry Permissions,Ensure proper Registry permissions are in place to prevent adversaries from disabling or modifying firewall settings.
T1505,M1024,Restrict Registry Permissions,Consider using Group Policy to configure and block modifications to service and other critical server parameters in the Registry.(Citation: Microsoft System Services Fundamentals)
T1505.005,M1024,Restrict Registry Permissions,Consider using Group Policy to configure and block modifications to Terminal Services parameters in the Registry.(Citation: Microsoft System Services Fundamentals)
T1685.001,M1024,Restrict Registry Permissions,Ensure proper Registry permissions are in place to prevent adversaries from disabling or interfering logging. The addition of the MiniNT registry key disables Event Viewer.(Citation: def_ev_win_event_logging)
T1574.011,M1024,Restrict Registry Permissions,Ensure proper permissions are set for Registry hives to prevent users from modifying keys for system components that may lead to privilege escalation. 
T1070.007,M1024,Restrict Registry Permissions,Protect generated event files and logs that are stored locally with proper permissions and authentication and limit opportunities for adversaries to increase privileges by preventing Privilege Escalation opportunities.
T1112,M1024,Restrict Registry Permissions,Ensure proper permissions are set for Registry hives to prevent users from modifying keys for system components that may lead to privilege escalation.
T1574,M1024,Restrict Registry Permissions,Ensure proper permissions are set for Registry hives to prevent users from modifying keys for system components that may lead to privilege escalation.
T1553.003,M1024,Restrict Registry Permissions,Ensure proper permissions are set for Registry hives to prevent users from modifying keys related to SIP and trust provider components. Components may still be able to be hijacked to suitable functions already present on disk if malicious modifications to Registry keys are not prevented. 
T1037,M1024,Restrict Registry Permissions,Ensure proper permissions are set for Registry hives to prevent users from modifying keys for logon scripts that may lead to persistence.
T1553,M1024,Restrict Registry Permissions,Ensure proper permissions are set for Registry hives to prevent users from modifying keys related to SIP and trust provider components. Components may still be able to be hijacked to suitable functions already present on disk if malicious modifications to Registry keys are not prevented.
T1685,M1024,Restrict Registry Permissions,Ensure proper Registry permissions are in place to prevent adversaries from disabling or interfering with security services.
T1686.003,M1024,Restrict Registry Permissions,Ensure proper Registry permissions are in place to prevent adversaries from disabling or modifying firewall settings.
T1489,M1024,Restrict Registry Permissions,Ensure proper registry permissions are in place to inhibit adversaries from disabling or interfering with critical services.
T1553.006,M1024,Restrict Registry Permissions,Ensure proper permissions are set for the Registry to prevent users from modifying keys related to code signing policies.
T1027.015,M1049,Antivirus/Antimalware,"Anti-virus can be used to automatically detect and quarantine suspicious files. Consider anti-virus products capable of unpacking and inspecting compressed files recursively, as well as analyzing SFX archives. "
T1059.005,M1049,Antivirus/Antimalware,Anti-virus can be used to automatically quarantine suspicious files. 
T1036.008,M1049,Antivirus/Antimalware,Anti-virus can be used to automatically quarantine suspicious files. 
T1221,M1049,Antivirus/Antimalware,"Network/Host intrusion prevention systems, antivirus, and detonation chambers can be employed to prevent documents from fetching and/or executing malicious payloads.(Citation: Anomali Template Injection MAR 2018)"
T1566.001,M1049,Antivirus/Antimalware,Anti-virus can also automatically quarantine suspicious files.
T1027.014,M1049,Antivirus/Antimalware,Anti-virus can be used to automatically detect and quarantine suspicious files. Employment of advanced anti-malware techniques that make use of technologies like machine learning and behavior-based mechanisms to conduct signature-less malware detection will also be more effective than traditional indicator-based detection methods. 
T1027.009,M1049,Antivirus/Antimalware,Anti-virus can be used to automatically detect and quarantine suspicious files.
T1564.012,M1049,Antivirus/Antimalware,"Review and audit file/folder exclusions, and limit scope of exclusions to only what is required where possible.(Citation: Microsoft File Folder Exclusions)"
T1027.012,M1049,Antivirus/Antimalware,Use signatures or heuristics to detect malicious LNK and subsequently downloaded files.
T1566.003,M1049,Antivirus/Antimalware,Anti-virus can also automatically quarantine suspicious files.
T1059.006,M1049,Antivirus/Antimalware,Anti-virus can be used to automatically quarantine suspicious files. 
T1059.001,M1049,Antivirus/Antimalware,Anti-virus can be used to automatically quarantine suspicious files. 
T1027.013,M1049,Antivirus/Antimalware,"Anti-virus can be used to automatically detect and quarantine suspicious files, including those with high entropy measurements or with otherwise potentially malicious signs of obfuscation."
T1059,M1049,Antivirus/Antimalware,Anti-virus can be used to automatically quarantine suspicious files. 
T1547.006,M1049,Antivirus/Antimalware,"Common tools for detecting Linux rootkits include: rkhunter (Citation: SourceForge rkhunter), chrootkit (Citation: Chkrootkit Main), although rootkits may be designed to evade certain detection tools."
T1080,M1049,Antivirus/Antimalware,Anti-virus can be used to automatically quarantine suspicious files.(Citation: Mandiant Cloudy Logs 2023)
T1564,M1049,Antivirus/Antimalware,"Review and audit file/folder exclusions, and limit scope of exclusions to only what is required where possible.(Citation: Microsoft File Folder Exclusions)"
T1027.002,M1049,Antivirus/Antimalware,Employ heuristic-based malware detection. Ensure updated virus definitions and create custom signatures for observed malware. 
T1027.016,M1049,Antivirus/Antimalware,"Anti-virus can be used to automatically detect and quarantine suspicious files. Behavior-based detections, rather than reliance on static code analysis, may help to identify malicious files that rely heavily on junk code.(Citation: ReasonLabs)"
T1036,M1049,Antivirus/Antimalware,Anti-virus can be used to automatically quarantine suspicious files.
T1566,M1049,Antivirus/Antimalware,Anti-virus can automatically quarantine suspicious files.
T1027.010,M1049,Antivirus/Antimalware,Consider utilizing the Antimalware Scan Interface (AMSI) on Windows 10+ to analyze commands after being processed/interpreted. 
T1027,M1049,Antivirus/Antimalware,Anti-virus can be used to automatically detect and quarantine suspicious files. Consider utilizing the Antimalware Scan Interface (AMSI) on Windows 10+ to analyze commands after being processed/interpreted. (Citation: Microsoft AMSI June 2015)
T1098.001,M1032,Multi-factor Authentication,Use multi-factor authentication for user and privileged accounts. Consider enforcing multi-factor authentication for the <code>CreateKeyPair</code> and <code>ImportKeyPair</code> API calls through IAM policies.(Citation: Expel IO Evil in AWS)
T1040,M1032,Multi-factor Authentication,Use multi-factor authentication wherever possible.
T1136.001,M1032,Multi-factor Authentication,Use multi-factor authentication for user and privileged accounts.
T1669,M1032,Multi-factor Authentication,"Harden access requirements for Wi-Fi networks through using two or more pieces of evidence to authenticate, such as a username and password in addition to a token from a physical smart card or token generator."
T1556.003,M1032,Multi-factor Authentication,"Integrating multi-factor authentication (MFA) as part of organizational policy can greatly reduce the risk of an adversary gaining control of valid credentials that may be used for additional tactics such as initial access, lateral movement, and collecting information."
T1556,M1032,Multi-factor Authentication,"Integrating multi-factor authentication (MFA) as part of organizational policy can greatly reduce the risk of an adversary gaining control of valid credentials that may be used for additional tactics such as initial access, lateral movement, and collecting information. MFA can also be used to restrict access to cloud resources and APIs. "
T1213,M1032,Multi-factor Authentication,Use two or more pieces of evidence to authenticate to a system; such as username and password in addition to a token from a physical smart card or token generator.
T1599,M1032,Multi-factor Authentication,Use multi-factor authentication for user and privileged accounts. Most embedded network devices support TACACS+ and/or RADIUS.  Follow vendor prescribed best practices for hardening access control.(Citation: Cisco IOS Software Integrity Assurance - TACACS)
T1114,M1032,Multi-factor Authentication,Use of multi-factor authentication for public-facing webmail servers is a recommended best practice to minimize the usefulness of usernames and passwords to adversaries.
T1621,M1032,Multi-factor Authentication,"Implement more secure 2FA/MFA mechanisms in replacement of simple push or one-click 2FA/MFA options. For example, having users enter a one-time code provided by the login screen into the 2FA/MFA application or utilizing other out-of-band 2FA/MFA mechanisms (such as rotating code-based hardware tokens providing rotating codes that need an accompanying user pin) may be more secure. Furthermore, change default configurations and implement limits upon the maximum number of 2FA/MFA request prompts that can be sent to users in period of time.(Citation: MFA Fatigue Attacks - PortSwigger)"
T1078.001,M1032,Multi-factor Authentication,"Implement multi-factor authentication (MFA) for default accounts whenever possible to prevent unauthorized access, even if credentials for these accounts are compromised. MFA adds an additional layer of security that requires more than just a username and password, making it significantly harder for adversaries to exploit these accounts for initial access or lateral movement."
T1601,M1032,Multi-factor Authentication,Use multi-factor authentication for user and privileged accounts. Most embedded network devices support TACACS+ and/or RADIUS.  Follow vendor prescribed best practices for hardening access control.(Citation: Cisco IOS Software Integrity Assurance - TACACS)
T1078.002,M1032,Multi-factor Authentication,"Integrating multi-factor authentication (MFA) as part of organizational policy can greatly reduce the risk of an adversary gaining control of valid credentials that may be used for additional tactics such as initial access, lateral movement, and collecting information. MFA can also be used to restrict access to cloud resources and APIs."
T1136.002,M1032,Multi-factor Authentication,Use multi-factor authentication for user and privileged accounts.
T1136.003,M1032,Multi-factor Authentication,Use multi-factor authentication for user and privileged accounts.
T1078.003,M1032,Multi-factor Authentication,"Enable multi-factor authentication (MFA) for local accounts to add an extra layer of protection against credential theft and misuse. MFA can be implemented using methods like mobile-based authenticators or hardware tokens, even in environments that do not rely on domain controllers or cloud services. This additional security measure can help reduce the risk of adversaries gaining unauthorized access to local systems and resources."
T1098.005,M1032,Multi-factor Authentication,"Require multi-factor authentication to register devices in Entra ID.(Citation: Microsoft - Device Registration) Configure multi-factor authentication systems to disallow enrolling new devices for inactive accounts.(Citation: CISA MFA PrintNightmare) When first enrolling MFA, use conditional access policies to restrict device enrollment to trusted locations or devices, and consider using temporary access passes as an initial MFA solution to enroll a device.(Citation: Mandiant APT29 Microsoft 365 2022)"
T1110.003,M1032,Multi-factor Authentication,"Use multi-factor authentication. Where possible, also enable multi-factor authentication on externally facing services."
T1078.004,M1032,Multi-factor Authentication,"Use multi-factor authentication for cloud accounts, especially privileged accounts. This can be implemented in a variety of forms (e.g. hardware, virtual, SMS), and can also be audited using administrative reporting features.(Citation: AWS - IAM Console Best Practices)"
T1601.002,M1032,Multi-factor Authentication,Use multi-factor authentication for user and privileged accounts. Most embedded network devices support TACACS+ and/or RADIUS.  Follow vendor prescribed best practices for hardening access control.(Citation: Cisco IOS Software Integrity Assurance - TACACS)
T1098,M1032,Multi-factor Authentication,Use multi-factor authentication for user and privileged accounts.
T1556.007,M1032,Multi-factor Authentication,"Integrating multi-factor authentication (MFA) as part of organizational policy can greatly reduce the risk of an adversary gaining control of valid credentials that may be used for additional tactics such as initial access, lateral movement, and collecting information. MFA can also be used to restrict access to cloud resources and APIs. "
T1021.004,M1032,Multi-factor Authentication,"Require multi-factor authentication for SSH connections wherever possible, such as password protected SSH keys."
T1539,M1032,Multi-factor Authentication,"Deploy hardware-based token (e.g., YubiKey or FIDO key), which incorporates the target login domain as part of the negotiation protocol, will prevent session cookie theft through proxy methods.

Implement Conditional Access policies to only allow logins from trusted devices, such as those enrolled in Intune or joined via Hybrid/Entra. This mitigates the risk of session cookie replay attacks by ensuring that stolen tokens cannot be reused on unauthorized devices."
T1599.001,M1032,Multi-factor Authentication,Use multi-factor authentication for user and privileged accounts. Most embedded network devices support TACACS+ and/or RADIUS.  Follow vendor prescribed best practices for hardening access control. (Citation: Cisco IOS Software Integrity Assurance - TACACS)
T1098.003,M1032,Multi-factor Authentication,Use multi-factor authentication for user and privileged accounts.
T1110.001,M1032,Multi-factor Authentication,"Use multi-factor authentication. Where possible, also enable multi-factor authentication on externally facing services."
T1114.002,M1032,Multi-factor Authentication,Use of multi-factor authentication for public-facing webmail servers is a recommended best practice to minimize the usefulness of usernames and passwords to adversaries.
T1199,M1032,Multi-factor Authentication,Require MFA for all delegated administrator accounts.(Citation: Microsoft Nobelium Admin Privileges)
T1021.001,M1032,Multi-factor Authentication,Use multi-factor authentication for remote logins.(Citation: Berkley Secure)
T1078,M1032,Multi-factor Authentication,"Implement multi-factor authentication (MFA) across all account types, including default, local, domain, and cloud accounts, to prevent unauthorized access, even if credentials are compromised. MFA provides a critical layer of security by requiring multiple forms of verification beyond just a password. This measure significantly reduces the risk of adversaries abusing valid accounts to gain initial access, escalate privileges, maintain persistence, or evade defenses within your network."
T1136,M1032,Multi-factor Authentication,Use multi-factor authentication for user and privileged accounts.
T1556.001,M1032,Multi-factor Authentication,"Integrating multi-factor authentication (MFA) as part of organizational policy can greatly reduce the risk of an adversary gaining control of valid credentials that may be used for additional tactics such as initial access, lateral movement, and collecting information. MFA can also be used to restrict access to cloud resources and APIs. "
T1485,M1032,Multi-factor Authentication,"Implement multi-factor authentication (MFA) delete for cloud storage resources, such as AWS S3 buckets, to prevent unauthorized deletion of critical data and infrastructure. MFA delete requires additional authentication steps, making it significantly more difficult for adversaries to destroy data without proper credentials. This additional security layer helps protect against the impact of data destruction in cloud environments by ensuring that only authenticated actions can irreversibly delete storage or machine images."
T1098.006,M1032,Multi-factor Authentication,Require multi-factor authentication for user accounts integrated into container clusters through cloud deployments or via authentication protocols such as LDAP or SAML. 
T1021.007,M1032,Multi-factor Authentication,Use multi-factor authentication on cloud services whenever possible.
T1072,M1032,Multi-factor Authentication,Ensure proper system and access isolation for critical network systems through use of multi-factor authentication.
T1110,M1032,Multi-factor Authentication,"Use multi-factor authentication. Where possible, also enable multi-factor authentication on externally facing services."
T1110.004,M1032,Multi-factor Authentication,"Use multi-factor authentication. Where possible, also enable multi-factor authentication on externally facing services."
T1110.002,M1032,Multi-factor Authentication,"Use multi-factor authentication. Where possible, also enable multi-factor authentication on externally facing services."
T1021,M1032,Multi-factor Authentication,Use multi-factor authentication on remote service logons where possible.
T1133,M1032,Multi-factor Authentication,"Use strong two-factor or multi-factor authentication for remote service accounts to mitigate an adversary's ability to leverage stolen credentials, but be aware of [Multi-Factor Authentication Interception](https://attack.mitre.org/techniques/T1111) techniques for some two-factor authentication implementations."
T1098.002,M1032,Multi-factor Authentication,Use multi-factor authentication for user and privileged accounts.
T1556.006,M1032,Multi-factor Authentication,"Ensure that MFA and MFA policies and requirements are properly implemented for existing and deactivated or dormant accounts and devices. If possible, consider configuring MFA solutions to ""fail closed"" rather than grant access in case of serious errors."
T1530,M1032,Multi-factor Authentication,"Consider using multi-factor authentication to restrict access to resources and cloud storage APIs.(Citation: Amazon S3 Security, 2019)"
T1601.001,M1032,Multi-factor Authentication,Use multi-factor authentication for user and privileged accounts. Most embedded network devices support TACACS+ and/or RADIUS.  Follow vendor prescribed best practices for hardening access control.(Citation: Cisco IOS Software Integrity Assurance - TACACS)
T1213.003,M1032,Multi-factor Authentication,Use multi-factor authentication for logons to code repositories.
T1556.004,M1032,Multi-factor Authentication,Use multi-factor authentication for user and privileged accounts. Most embedded network devices support TACACS+ and/or RADIUS.  Follow vendor prescribed best practices for hardening access control. (Citation: Cisco IOS Software Integrity Assurance - TACACS)
T1566.002,M1054,Software Configuration,"Use anti-spoofing and email authentication mechanisms to filter messages based on validity checks of the sender domain (using SPF) and integrity of messages (using DKIM). Enabling these mechanisms within an organization (through policies such as DMARC) may enable recipients (intra-org and cross domain) to perform similar message filtering and validation.(Citation: Microsoft Anti Spoofing)(Citation: ACSC Email Spoofing).

Furthermore, policies may enforce / install browser extensions that protect against IDN and homograph attacks."
T1688,M1054,Software Configuration,Ensure that endpoint defenses run in safe mode.(Citation: CyberArk Labs Safe Mode 2016)
T1550.004,M1054,Software Configuration,Configure browsers or tasks to regularly delete persistent cookies.
T1602.001,M1054,Software Configuration,Allowlist MIB objects and implement SNMP views.(Citation: Cisco Securing SNMP)
T1539,M1054,Software Configuration,"Configure browsers or tasks to regularly delete persistent cookies.

Additionally, minimize the length of time a web cookie is viable to potentially reduce the impact of stolen cookies while also increasing the needed frequency of cookie theft attempts – providing defenders with additional chances at detection.(Citation: Token tactics) For example, use non-persistent cookies to limit the duration a session ID will remain on the web client cache where an attacker could obtain it.(Citation: Session Management Cheat Sheet)"
T1553.004,M1054,Software Configuration,HTTP Public Key Pinning (HPKP) is one method to mitigate potential [Adversary-in-the-Middle](https://attack.mitre.org/techniques/T1557) situations where and adversary uses a mis-issued or fraudulent certificate to intercept encrypted communications by enforcing use of an expected certificate. (Citation: Wikipedia HPKP)
T1137.002,M1054,Software Configuration,"Create the Registry key used to execute it and set the permissions to ""Read Control"" to prevent easy access to the key without administrator permissions or requiring Privilege Escalation.(Citation: Palo Alto Office Test Sofacy)"
T1559,M1054,Software Configuration,"Consider disabling embedded files in Office programs, such as OneNote, that do not work with Protected View.(Citation: Enigma Reviving DDE Jan 2018)(Citation: GitHub Disable DDEAUTO Oct 2017)"
T1666,M1054,Software Configuration,"In Azure environments, consider setting a policy to block subscription transfers.(Citation: Azure Subscription Policies) In AWS environments, consider using Service Control Policies to prevent the use of the `LeaveOrganization` API call.(Citation: AWS RE:Inforce Threat Detection 2024)"
T1685,M1054,Software Configuration,"Consider automatically relaunching forwarding mechanisms at recurring intervals (ex: temporal, on-logon, etc.) as well as applying appropriate change management to firewall rules and other related system configurations."
T1684.002,M1054,Software Configuration,Use anti-spoofing and email authentication mechanisms to filter messages based on validity checks of the sender domain (using SPF) and integrity of messages (using DKIM). Enabling these mechanisms within an organization (through policies such as DMARC) may enable recipients (intra-org and cross domain) to perform similar message filtering and validation.(Citation: Microsoft Anti Spoofing)(Citation: ACSC Email Spoofing)
T1213,M1054,Software Configuration,Consider implementing data retention policies to automate periodically archiving and/or deleting data that is no longer needed.  
T1535,M1054,Software Configuration,Cloud service providers may allow customers to deactivate unused regions.(Citation: CloudSploit - Unused AWS Regions)
T1598,M1054,Software Configuration,Use anti-spoofing and email authentication mechanisms to filter messages based on validity checks of the sender domain (using SPF) and integrity of messages (using DKIM). Enabling these mechanisms within an organization (through policies such as DMARC) may enable recipients (intra-org and cross domain) to perform similar message filtering and validation.(Citation: Microsoft Anti Spoofing)(Citation: ACSC Email Spoofing)
T1566,M1054,Software Configuration,Use anti-spoofing and email authentication mechanisms to filter messages based on validity checks of the sender domain (using SPF) and integrity of messages (using DKIM). Enabling these mechanisms within an organization (through policies such as DMARC) may enable recipients (intra-org and cross domain) to perform similar message filtering and validation.(Citation: Microsoft Anti Spoofing)(Citation: ACSC Email Spoofing)
T1537,M1054,Software Configuration,"Configure appropriate data sharing restrictions in cloud services. For example, external sharing in Microsoft SharePoint and Google Drive can be turned off altogether, blocked for certain domains, or restricted to certain users.(Citation: Google Workspace External Sharing) (Citation: Microsoft 365 External Sharing)"
T1677,M1054,Software Configuration,"Where possible, avoid allowing pipelines to run unreviewed code. Where this is necessary, ensure that these pipelines are executed on isolated nodes without access to secrets. In GitHub, avoid using the `pull_request_target` trigger if possible, do not treat user-controlled inputs (such as branch names) as trusted, and do not use self-hosted runners on public repositories.  "
T1602,M1054,Software Configuration,Allowlist MIB objects and implement SNMP views.(Citation: Cisco Securing SNMP)
T1213.004,M1054,Software Configuration,Consider implementing data retention policies to automate periodically archiving and/or deleting data that is no longer needed.   
T1543.005,M1054,Software Configuration,"Where possible, consider enforcing the use of container services in rootless mode to limit the possibility of privilege escalation or malicious effects on the host running the container.  "
T1689,M1054,Software Configuration,"Consider implementing policies on internal web servers, such HTTP Strict Transport Security, that enforce the use of HTTPS/network traffic encryption to prevent insecure connections.(Citation: Chromium HSTS)"
T1602.002,M1054,Software Configuration,Allowlist MIB objects and implement SNMP views. Disable Smart Install (SMI) if not used.(Citation: Cisco Securing SNMP)(Citation: US-CERT TA18-106A Network Infrastructure Devices 2018) 
T1566.001,M1054,Software Configuration,Use anti-spoofing and email authentication mechanisms to filter messages based on validity checks of the sender domain (using SPF) and integrity of messages (using DKIM). Enabling these mechanisms within an organization (through policies such as DMARC) may enable recipients (intra-org and cross domain) to perform similar message filtering and validation.(Citation: Microsoft Anti Spoofing)(Citation: ACSC Email Spoofing)
T1559.002,M1054,Software Configuration,"Consider disabling embedded files in Office programs, such as OneNote, that do not work with Protected View.(Citation: Enigma Reviving DDE Jan 2018)(Citation: GitHub Disable DDEAUTO Oct 2017)"
T1543,M1054,Software Configuration,"Where possible, consider enforcing the use of container services in rootless mode to limit the possibility of privilege escalation or malicious effects on the host running the container."
T1590.002,M1054,Software Configuration,"Consider implementing policies for DNS servers, such as Zone Transfer Policies, that enforce a list of validated servers permitted for zone transfers.(Citation: DNS-msft)"
T1213.006,M1054,Software Configuration,Consider implementing data retention policies to automate periodically archiving and/or deleting data that is no longer needed. 
T1546.013,M1054,Software Configuration,Avoid PowerShell profiles if not needed. Use the -No Profile flag with when executing PowerShell scripts remotely to prevent local profiles and scripts from being executed.
T1555.005,M1054,Software Configuration,Consider re-locking password managers after a short timeout to limit the time plaintext credentials live in memory from decrypted databases.
T1606,M1054,Software Configuration,Configure browsers/applications to regularly delete persistent web credentials (such as cookies).
T1553,M1054,Software Configuration,HTTP Public Key Pinning (HPKP) is one method to mitigate potential [Adversary-in-the-Middle](https://attack.mitre.org/techniques/T1557) situations where and adversary uses a mis-issued or fraudulent certificate to intercept encrypted communications by enforcing use of an expected certificate. (Citation: Wikipedia HPKP)
T1606.001,M1054,Software Configuration,Configure browsers/applications to regularly delete persistent web cookies.
T1667,M1054,Software Configuration,Use anti-spoofing and email authentication mechanisms to filter messages based on validity checks of the sender domain (using SPF) and integrity of messages (using DKIM). Enabling these mechanisms within an organization (through policies such as DMARC) may enable recipients (intra-org and cross domain) to perform similar message filtering and validation.(Citation: Microsoft Anti Spoofing)(Citation: ACSC Email Spoofing) Note that additional filtering may be necessary if emails are coming from legitimate sources. 
T1137,M1054,Software Configuration,"For the Office Test method, create the Registry key used to execute it and set the permissions to ""Read Control"" to prevent easy access to the key without administrator permissions or requiring Privilege Escalation. (Citation: Palo Alto Office Test Sofacy)"
T1598.002,M1054,Software Configuration,Use anti-spoofing and email authentication mechanisms to filter messages based on validity checks of the sender domain (using SPF) and integrity of messages (using DKIM). Enabling these mechanisms within an organization (through policies such as DMARC) may enable recipients (intra-org and cross domain) to perform similar message filtering and validation.(Citation: Microsoft Anti Spoofing)(Citation: ACSC Email Spoofing)
T1598.003,M1054,Software Configuration,"Use anti-spoofing and email authentication mechanisms to filter messages based on validity checks of the sender domain (using SPF) and integrity of messages (using DKIM). Enabling these mechanisms within an organization (through policies such as DMARC) may enable recipients (intra-org and cross domain) to perform similar message filtering and validation.(Citation: Microsoft Anti Spoofing)(Citation: ACSC Email Spoofing)

Furthermore, policies may enforce / install browser extensions that protect against IDN and homograph attacks. Browser password managers may also be configured to only populate credential fields when the URL matches that of the original, legitimate site. "
T1190,M1048,Application Isolation and Sandboxing,Application isolation will limit what other processes and system features the exploited target can access.
T1027.006,M1048,Application Isolation and Sandboxing,"Use Browser Extensions or Built-in Security Tools that:

- Monitor JavaScript API calls such as `Blob`, `URL.createObjectURL,` and `msSaveOrOpenBlob`
- Intercept and analyze HTML5 `download` attributes for suspicious payload generation
- Alert or block behaviors that match known HTML smuggling patterns (e.g., blob-to-disk payload construction)

Apply Content Security Policy (CSP) headers to:

- Restrict inline JavaScript and dynamic script generation
- Disallow downloads from unauthorized sources or blob URIs
- Prevent cross-origin resource sharing (CORS) abuse commonly used in smuggling chains

Enable or enforce enterprise browser security controls, such as:

- Endpoint's Network Protection and Attack Surface Reduction (ASR) rules, which can block Office and browser processes from creating child processes or writing to disk in suspicious ways
- Google Chrome Enterprise Policies, which can control file download behavior, restrict extensions, and isolate risky browsing environments

Deploy browser sandboxing solutions that can isolate JavaScript execution environments and enforce behavioral policy restrictions"
T1611,M1048,Application Isolation and Sandboxing,"Consider utilizing seccomp, seccomp-bpf, or a similar solution that restricts certain system calls such as mount. In Kubernetes environments, consider defining Pod Security Standards that limit container access to host process namespaces, the host network, and the host file system.(Citation: Kubernetes Hardening Guide)"
T1189,M1048,Application Isolation and Sandboxing,"Browser sandboxes can be used to mitigate some of the impact of exploitation, but sandbox escapes may still exist.(Citation: Windows Blogs Microsoft Edge Sandbox)(Citation: Ars Technica Pwn2Own 2017 VM Escape)

Other types of virtualization and application microsegmentation may also mitigate the impact of client-side exploitation. The risks of additional exploits and weaknesses in implementation may still exist for these types of systems.(Citation: Ars Technica Pwn2Own 2017 VM Escape)"
T1068,M1048,Application Isolation and Sandboxing,Make it difficult for adversaries to advance their operation through exploitation of undiscovered or unpatched vulnerabilities by using sandboxing. Other types of virtualization and application microsegmentation may also mitigate the impact of some types of exploitation. Risks of additional exploits and weaknesses in these systems may still exist. (Citation: Ars Technica Pwn2Own 2017 VM Escape)
T1559,M1048,Application Isolation and Sandboxing,Ensure all COM alerts and Protected View are enabled.(Citation: Microsoft Protected View)
T1021.003,M1048,Application Isolation and Sandboxing,Ensure all COM alerts and Protected View are enabled.(Citation: Microsoft Protected View)
T1559.001,M1048,Application Isolation and Sandboxing,Ensure all COM alerts and Protected View are enabled.(Citation: Microsoft Protected View)
T1559.002,M1048,Application Isolation and Sandboxing,Ensure Protected View is enabled.(Citation: Microsoft Protected View)
T1027.017,M1048,Application Isolation and Sandboxing,"Browser sandboxes can be used to mitigate some of the impact of exploitation, but sandbox escapes may still exist. "
T1203,M1048,Application Isolation and Sandboxing,"Browser sandboxes can be used to mitigate some of the impact of exploitation, but sandbox escapes may still exist. (Citation: Windows Blogs Microsoft Edge Sandbox) (Citation: Ars Technica Pwn2Own 2017 VM Escape)

Other types of virtualization and application microsegmentation may also mitigate the impact of client-side exploitation. Risks of additional exploits and weaknesses in those systems may still exist. (Citation: Ars Technica Pwn2Own 2017 VM Escape)"
T1212,M1048,Application Isolation and Sandboxing,Make it difficult for adversaries to advance their operation through exploitation of undiscovered or unpatched vulnerabilities by using sandboxing. Other types of virtualization and application microsegmentation may also mitigate the impact of some types of exploitation. Risks of additional exploits and weaknesses in these systems may still exist.(Citation: Ars Technica Pwn2Own 2017 VM Escape)
T1211,M1048,Application Isolation and Sandboxing,Make it difficult for adversaries to advance their operation through exploitation of undiscovered or unpatched vulnerabilities by using sandboxing. Other types of virtualization and application microsegmentation may also mitigate the impact of some types of exploitation. Risks of additional exploits and weaknesses in these systems may still exist. (Citation: Ars Technica Pwn2Own 2017 VM Escape)
T1210,M1048,Application Isolation and Sandboxing,Make it difficult for adversaries to advance their operation through exploitation of undiscovered or unpatched vulnerabilities by using sandboxing. Other types of virtualization and application microsegmentation may also mitigate the impact of some types of exploitation. Risks of additional exploits and weaknesses in these systems may still exist. (Citation: Ars Technica Pwn2Own 2017 VM Escape)
T1484,M1047,Audit,Identify and correct GPO permissions abuse opportunities (ex: GPO modification privileges) using auditing tools such as [BloodHound](https://attack.mitre.org/software/S0521) (version 1.5.1 and later)(Citation: GitHub Bloodhound).
T1059.006,M1047,Audit,Inventory systems for unauthorized Python installations.
T1036,M1047,Audit,Audit user accounts to ensure that each one has a defined purpose.
T1482,M1047,Audit,Map the trusts within existing domains/forests and keep trust relationships to a minimum.
T1053.003,M1047,Audit,"Review changes to the <code>cron</code> schedule. <code>cron</code> execution can be reviewed within the <code>/var/log</code> directory. To validate the location of the <code>cron</code> log file, check the syslog config at <code>/etc/rsyslog.conf</code> or <code>/etc/syslog.conf</code>."
T1574.005,M1047,Audit,Use auditing tools capable of detecting file system permissions abuse opportunities on systems within an enterprise and correct them. Toolkits like the PowerSploit framework contain PowerUp modules that can be used to explore systems for service file system permissions weaknesses.(Citation: Powersploit)
T1505.005,M1047,Audit,Regularly check component software on critical services that adversaries may target for persistence to verify the integrity of the systems and identify if unexpected changes have been made.
T1686.001,M1047,Audit,Routinely check account role permissions to ensure only expected users and roles have permission to modify cloud firewalls. 
T1176.001,M1047,Audit," Ensure extensions that are installed are the intended ones, as many malicious extensions will masquerade as legitimate ones."
T1505,M1047,Audit,Regularly check component software on critical services that adversaries may target for persistence to verify the integrity of the systems and identify if unexpected changes have been made.
T1542,M1047,Audit,"Perform audits or scans of systems, permissions, insecure software, insecure configurations, etc. to identify potential weaknesses."
T1566,M1047,Audit,"Perform audits or scans of systems, permissions, insecure software, insecure configurations, etc. to identify potential weaknesses."
T1484.001,M1047,Audit,Identify and correct GPO permissions abuse opportunities (ex: GPO modification privileges) using auditing tools such as [BloodHound](https://attack.mitre.org/software/S0521) (version 1.5.1 and later).(Citation: GitHub Bloodhound)
T1539,M1047,Audit,Implement auditing for authentication activities and user logins to detect the use of stolen session cookies. Monitor for impossible travel scenarios and anomalous behavior that could indicate the use of compromised session tokens or cookies.
T1505.001,M1047,Audit,Regularly check component software on critical services that adversaries may target for persistence to verify the integrity of the systems and identify if unexpected changes have been made. 
T1564.006,M1047,Audit,"Periodically audit virtual machines for abnormalities. On ESXi servers, periodically compare the output of `vim-cmd vmsvc/getallvms`, which lists all VMs in vCenter, and `escxli vm process list | grep Display`, which lists all VMs hosted on ESXi.(Citation: MITRE VMware Abuse 2024)"
T1686,M1047,Audit,Routinely check account role permissions to ensure only expected users and roles have permission to modify system firewalls.
T1686.002,M1047,Audit,Routinely check account role permissions to ensure only expected users and roles have permission to modify system firewalls.
T1574.009,M1047,Audit,"Find and eliminate path interception weaknesses in program configuration files, scripts, the PATH environment variable, services, and in shortcuts by surrounding PATH variables with quotation marks when functions allow for them. Be aware of the search order Windows uses for executing or loading binaries and use fully qualified paths wherever appropriate.

Clean up old Windows Registry keys when software is uninstalled to avoid keys with no associated legitimate binaries. Periodically search for and correct or report path interception weaknesses on systems that may have been introduced using custom or available tools that report software using insecure path configurations.(Citation: Microsoft CreateProcess)(Citation: Microsoft Dynamic-Link Library Security)(Citation: Vulnerability and Exploit Detector)"
T1685.001,M1047,Audit,Consider periodic review of <code>auditpol</code> settings for Administrator accounts and perform dynamic baselining on SIEM(s) to investigate potential malicious activity. Also ensure that the EventLog service and its threads are properly running.
T1021.001,M1047,Audit,Audit the Remote Desktop Users group membership regularly. Remove unnecessary accounts and groups from Remote Desktop Users groups.
T1548.002,M1047,Audit,Check for common UAC bypass weaknesses on Windows systems to be aware of the risk posture and address issues where appropriate.(Citation: Github UACMe)
T1558.004,M1047,Audit,Kerberos preauthentication is enabled by default. Older protocols might not support preauthentication therefore it is possible to have this setting disabled. Make sure that all accounts have preauthentication whenever possible and audit changes to setting. Windows tools such as PowerShell may be used to easily find which accounts have preauthentication disabled.  (Citation: Microsoft Preauthentication Jul 2012)(Citation: Stealthbits Cracking AS-REP Roasting Jun 2019)
T1027.011,M1047,Audit,Consider periodic review of common fileless storage locations (such as the Registry or WMI repository) to potentially identify abnormal and malicious data.
T1053.002,M1047,Audit,"Toolkits like the PowerSploit framework contain PowerUp modules that can be used to explore systems for permission weaknesses in scheduled tasks that could be used to escalate privileges. (Citation: Powersploit) Windows operating system also creates a registry key specifically associated with the creation of a scheduled task on the destination host at: Microsoft\Windows NT\CurrentVersion\Schedule\TaskCache\Tree\At1. (Citation: Secureworks - AT.exe Scheduled Task) In Linux and macOS environments, scheduled tasks using <code>[at](https://attack.mitre.org/software/S0110)</code> can be audited locally, or through centrally collected logging, using syslog, or auditd events from the host. (Citation: Kifarunix - Task Scheduling in Linux)"
T1543.003,M1047,Audit,Use auditing tools capable of detecting privilege and service abuse opportunities on systems within an enterprise and correct them. 
T1671,M1047,Audit,Periodically review SaaS integrations for unapproved or potentially malicious applications.  
T1550,M1047,Audit,"Perform audits or scans of systems, permissions, insecure software, insecure configurations, etc. to identify potential weaknesses."
T1552.006,M1047,Audit,Search SYSVOL for any existing GGPs that may contain credentials and remove them.(Citation: ADSecurity Finding Passwords in SYSVOL)
T1685,M1047,Audit,"Periodically verify that tools are functioning appropriately – for example, that all expected hosts with EDRs or monitoring agents are checking in to the central console. Check EDRs to ensure that no unexpected exclusion paths have been added. In Microsoft Defender for Endpoint, exclusions can be reviewed with the `Get-MpPreference` cmdlet.(Citation: CodeX Microsoft Defender 2021)"
T1528,M1047,Audit,"Administrators should audit all cloud and container accounts to ensure that they are necessary and that the permissions granted to them are appropriate.  Additionally, administrators should perform an audit of all OAuth applications and the permissions they have been granted to access organizational data. This should be done extensively on all applications in order to establish a baseline, followed up on with periodic audits of new or updated applications. Suspicious applications should be investigated and removed."
T1574,M1047,Audit,"Use auditing tools capable of detecting hijacking opportunities on systems within an enterprise and correct them. Toolkits like the PowerSploit framework contain PowerUp modules that can be used to explore systems for hijacking weaknesses.(Citation: Powersploit)

Use the program sxstrace.exe that is included with Windows along with manual inspection to check manifest files for side-loading vulnerabilities in software.

Find and eliminate path interception weaknesses in program configuration files, scripts, the PATH environment variable, services, and in shortcuts by surrounding PATH variables with quotation marks when functions allow for them. Be aware of the search order Windows uses for executing or loading binaries and use fully qualified paths wherever appropriate.

Clean up old Windows Registry keys when software is uninstalled to avoid keys with no associated legitimate binaries. Periodically search for and correct or report path interception weaknesses on systems that may have been introduced using custom or available tools that report software using insecure path configurations.(Citation: Microsoft CreateProcess)(Citation: Microsoft Dynamic-Link Library Security)(Citation: Vulnerability and Exploit Detector)"
T1606.001,M1047,Audit,"Administrators should perform an audit of all access lists and the permissions they have been granted to access web applications and services. This should be done extensively on all resources in order to establish a baseline, followed up on with periodic audits of new or updated resources. Suspicious accounts/credentials should be investigated and removed."
T1213.001,M1047,Audit,Consider periodic review of accounts and privileges for critical and sensitive Confluence repositories.
T1213.005,M1047,Audit,"Preemptively search through communication services to find inappropriately shared data, and take actions to reduce exposure when found. "
T1566.002,M1047,Audit,Audit applications and their permissions to ensure access to data and resources are limited based upon necessity and principle of least privilege.
T1546.006,M1047,Audit,"Binaries can also be baselined for what dynamic libraries they require, and if an app requires a new dynamic library that wasn't included as part of an update, it should be investigated."
T1564,M1047,Audit,Periodically audit virtual machines for abnormalities.
T1543,M1047,Audit,Use auditing tools capable of detecting privilege and service abuse opportunities on systems within an enterprise and correct them.
T1213.002,M1047,Audit,Consider periodic review of accounts and privileges for critical and sensitive SharePoint repositories.
T1556.008,M1047,Audit,"Periodically review for new and unknown network provider DLLs within the Registry (`HKEY_LOCAL_MACHINE\SYSTEM\CurrentControlSet\Services\<NetworkProviderName>\NetworkProvider\ProviderPath`).

Ensure only valid network provider DLLs are registered. The name of these can be found in the Registry key at `HKEY_LOCAL_MACHINE\SYSTEM\CurrentControlSet\Control\NetworkProvider\Order`, and have corresponding service subkey pointing to a DLL at `HKEY_LOCAL_MACHINE\SYSTEM\CurrentC ontrolSet\Services\<NetworkProviderName>\NetworkProvider`."
T1563.002,M1047,Audit,Audit the Remote Desktop Users group membership regularly. Remove unnecessary accounts and groups from Remote Desktop Users groups.
T1021,M1047,Audit,"Perform audits or scans of systems, permissions, insecure software, insecure configurations, etc. to identify potential weaknesses."
T1578.001,M1047,Audit,Routinely check user permissions to ensure only the expected users have the capability to create snapshots and backups.
T1021.005,M1047,Audit,Inventory workstations for unauthorized VNC server software.
T1176.002,M1047,Audit,"Ensure extensions that are installed are the intended ones, as many malicious extensions may masquerade as legitimate ones. "
T1552.008,M1047,Audit,"Preemptively search through communication services to find shared unsecured credentials. Searching for common patterns like ""<code>password is </code>"", “<code>password=</code>” and take actions to reduce exposure when found. "
T1566.001,M1047,Audit,"Enable auditing and monitoring for email attachments and file transfers to detect and investigate suspicious activity. Regularly review logs for anomalies related to attachments containing potentially malicious content, as well as any attempts to execute or interact with these files. This practice helps identify spearphishing attempts before they can lead to further compromise."
T1070.008,M1047,Audit,"In an Exchange environment, Administrators can use `Get-TransportRule` / `Remove-TransportRule` to discover and remove potentially malicious transport rules.(Citation: Microsoft Manage Mail Flow Rules 2023)"
T1059.011,M1047,Audit,Inventory systems for unauthorized Lua installations.
T1550.001,M1047,Audit,"Administrators should audit all cloud and container accounts to ensure that they are necessary and that the permissions granted to them are appropriate. Where possible, the ability to request temporary account tokens on behalf of another accounts should be disabled. Additionally, administrators can leverage audit tools to monitor actions that can be conducted as a result of OAuth 2.0 access. For instance, audit reports enable admins to identify privilege escalation actions such as role creations or policy modifications, which could be actions performed after initial access."
T1684,M1047,Audit,Enables correlation of email/identity/SaaS/endpoint activity that appears legitimate.(Citation: Proofpoint TA427 April 2024)(Citation: Unit 42 Global Incident Response Report 2026)
T1606.002,M1047,Audit,Enable advanced auditing on AD FS. Check the success and failure audit options in the AD FS Management snap-in. Enable Audit Application Generated events on the AD FS farm via Group Policy Object.(Citation: FireEye ADFS)
T1095,M1047,Audit,Periodically investigate ESXi hosts for open VMCI ports. Running the `lsof -A` command and inspecting results with a type of `SOCKET_VMCI` will reveal processes that have open VMCI ports.(Citation: Google Cloud Threat Intelligence ESXi Hardening 2023)
T1087.004,M1047,Audit,Routinely check user permissions to ensure only the expected users have the ability to list IAM identities or otherwise discover cloud accounts.
T1556.006,M1047,Audit,Review MFA actions alongside authentication logs to ensure that MFA-based logins are functioning as intended. Review user accounts to ensure that all accounts have MFA enabled.(Citation: Mandiant Cloudy Logs 2023)
T1578,M1047,Audit,Routinely monitor user permissions to ensure only the expected users have the capability to modify cloud compute infrastructure components.
T1560.001,M1047,Audit,System scans can be performed to identify unauthorized archival utilities.
T1548,M1047,Audit,Check for common UAC bypass weaknesses on Windows systems to be aware of the risk posture and address issues where appropriate.(Citation: Github UACMe)
T1036.012,M1047,Audit,"Review and limit the fingerprinting surface to only necessary information on each browser to make the browser less unique. For example, the available fonts may be limited to a standard font list. (Citation: W3C)"
T1213.003,M1047,Audit,Consider periodic reviews of accounts and privileges for critical and sensitive code repositories. Scan code repositories for exposed credentials or other sensitive information.
T1685.004,M1047,Audit,"Routinely check account role permissions to ensure only expected users and roles have permission to modify logging settings.

To ensure Audit rules can not be modified at runtime, add the `auditctl -e 2` as the last command in the audit.rules files. Once started, any attempt to change the configuration in this mode will be audited and denied. The configuration can only be changed by rebooting the machine."
T1578.005,M1047,Audit,Routinely monitor user permissions to ensure only the expected users have the capability to request quota adjustments or modify tenant-level compute settings.
T1566.003,M1047,Audit,"Implement auditing and logging for interactions with third-party messaging services or collaboration platforms. Monitor user activity and review logs for signs of suspicious links, downloads, or file exchanges that could indicate spearphishing attempts. Effective auditing allows for the quick identification of malicious activity originating from compromised service accounts."
T1552.002,M1047,Audit,Proactively search for credentials within the Registry and attempt to remediate the risk.
T1053,M1047,Audit,Toolkits like the PowerSploit framework contain PowerUp modules that can be used to explore systems for permission weaknesses in scheduled tasks that could be used to escalate privileges. (Citation: Powersploit)
T1574.010,M1047,Audit,Use auditing tools capable of detecting file system permissions abuse opportunities on systems within an enterprise and correct them. Toolkits like the PowerSploit framework contain PowerUp modules that can be used to explore systems for service file system permissions weaknesses.(Citation: Powersploit)
T1560,M1047,Audit,System scans can be performed to identify unauthorized archival utilities.
T1027,M1047,Audit,Consider periodic review of common fileless storage locations (such as the Registry or WMI repository) to potentially identify abnormal and malicious data.
T1505.004,M1047,Audit,Regularly check installed IIS components to verify the integrity of the web server and identify if unexpected changes have been made.
T1176,M1047,Audit,"Ensure extensions that are installed are the intended ones, as many malicious extensions may masquerade as legitimate ones. "
T1213.004,M1047,Audit,Consider periodic review of accounts and privileges for critical and sensitive CRM data.
T1556.007,M1047,Audit,"Periodically review the hybrid identity solution in use for any discrepancies. For example, review all PTA agents in the Entra ID Management Portal to identify any unwanted or unapproved ones.(Citation: Mandiant Azure AD Backdoors) If ADFS is in use, review DLLs and executable files in the AD FS and Global Assembly Cache directories to ensure that they are signed by Microsoft. Note that in some cases binaries may be catalog-signed, which may cause the file to appear unsigned when viewing file properties.(Citation: MagicWeb)"
T1552,M1047,Audit,Preemptively search for files containing passwords or other credentials and take actions to reduce the exposure risk when found.
T1578.002,M1047,Audit,Routinely check user permissions to ensure only the expected users have the capability to create new instances.
T1574.008,M1047,Audit,"Find and eliminate path interception weaknesses in program configuration files, scripts, the PATH environment variable, services, and in shortcuts by surrounding PATH variables with quotation marks when functions allow for them. Be aware of the search order Windows uses for executing or loading binaries and use fully qualified paths wherever appropriate.

Clean up old Windows Registry keys when software is uninstalled to avoid keys with no associated legitimate binaries. Periodically search for and correct or report path interception weaknesses on systems that may have been introduced using custom or available tools that report software using insecure path configurations.(Citation: Microsoft CreateProcess)(Citation: Microsoft Dynamic-Link Library Security)(Citation: Vulnerability and Exploit Detector)"
T1542.004,M1047,Audit,Periodically check the integrity of system image to ensure it has not been modified. (Citation: Cisco IOS Software Integrity Assurance - Image File Integrity) (Citation: Cisco IOS Software Integrity Assurance - Image File Verification) (Citation: Cisco IOS Software Integrity Assurance - Change Control) 
T1053.005,M1047,Audit,Toolkits like the PowerSploit framework contain PowerUp modules that can be used to explore systems for permission weaknesses in scheduled tasks that could be used to escalate privileges. (Citation: Powersploit)
T1574.001,M1047,Audit,"Use auditing tools capable of detecting DLL search order hijacking opportunities on systems within an enterprise and correct them. Toolkits like the PowerSploit framework contain PowerUp modules that can be used to explore systems for DLL hijacking weaknesses.(Citation: Powersploit)

Use the program `sxstrace.exe` that is included with Windows, along with manual inspection, to check manifest files for side-by-side problems in software.(Citation: Microsoft Sxstrace)"
T1204.003,M1047,Audit,Audit images deployed within the environment to ensure they do not contain any malicious components.
T1578.003,M1047,Audit,Routinely check user permissions to ensure only the expected users have the capability to delete new instances.
T1612,M1047,Audit,Audit images deployed within the environment to ensure they do not contain any malicious components.
T1505.002,M1047,Audit,Regularly check component software on critical services that adversaries may target for persistence to verify the integrity of the systems and identify if unexpected changes have been made. 
T1059,M1047,Audit,Inventory systems for unauthorized command and scripting interpreter installations.
T1653,M1047,Audit,Periodically inspect systems for abnormal and unexpected power settings that may indicate malicious activty.
T1666,M1047,Audit,"Periodically audit resource groups in the cloud management console to ensure that only expected items exist, especially close to the top of the hierarchy (e.g., AWS accounts and Azure subscriptions). Typically, top-level accounts (such as the AWS management account) should not contain any workloads or resources.(Citation: AWS Management Account Best Practices)"
T1574.007,M1047,Audit,"Find and eliminate path interception weaknesses in program configuration files, scripts, the PATH environment variable, services, and in shortcuts by surrounding PATH variables with quotation marks when functions allow for them. Be aware of the search order Windows uses for executing or loading binaries and use fully qualified paths wherever appropriate.

Clean up old Windows Registry keys when software is uninstalled to avoid keys with no associated legitimate binaries. Periodically search for and correct or report path interception weaknesses on systems that may have been introduced using custom or available tools that report software using insecure path configurations.(Citation: Microsoft CreateProcess)(Citation: Microsoft Dynamic-Link Library Security)(Citation: Vulnerability and Exploit Detector)"
T1036.010,M1047,Audit,Audit user accounts to ensure that each one has a defined purpose.  
T1114.003,M1047,Audit,"Enterprise email solutions have monitoring mechanisms that may include the ability to audit auto-forwarding rules on a regular basis.

In an Exchange environment, Administrators can use `Get-InboxRule` / `Remove-InboxRule` and `Get-TransportRule` / `Remove-TransportRule` to discover and remove potentially malicious auto-fowarding and transport rules.(Citation: Microsoft Tim McMichael Exchange Mail Forwarding 2)(Citation: Microsoft Manage Mail Flow Rules 2023)(Citation: Microsoft Get-InboxRule) In addition to this, a MAPI Editor can be utilized to examine the underlying database structure and discover any modifications/tampering of the properties of auto-forwarding rules.(Citation: Pfammatter - Hidden Inbox Rules)"
T1114,M1047,Audit,"Enterprise email solutions have monitoring mechanisms that may include the ability to audit auto-forwarding rules on a regular basis.

In an Exchange environment, Administrators can use Get-InboxRule to discover and remove potentially malicious auto-forwarding rules.(Citation: Microsoft Tim McMichael Exchange Mail Forwarding 2) "
T1606,M1047,Audit,"Administrators should perform an audit of all access lists and the permissions they have been granted to access web applications and services. This should be done extensively on all resources in order to establish a baseline, followed up on with periodic audits of new or updated resources. Suspicious accounts/credentials should be investigated and removed.
 
Enable advanced auditing on ADFS. Check the success and failure audit options in the ADFS Management snap-in. Enable Audit Application Generated events on the AD FS farm via Group Policy Object.(Citation: FireEye ADFS)"
T1552.001,M1047,Audit,Preemptively search for files containing passwords and take actions to reduce the exposure risk when found.
T1548.006,M1047,Audit,"Routinely check applications using Automation under Security & Privacy System Preferences. To reset permissions, user's can utilize the `tccutil reset` command. When using Mobile Device Management (MDM), review the list of enabled or disabled applications in the `MDMOverrides.plist` which overrides the TCC database.(Citation: TCC macOS bypass)"
T1530,M1047,Audit,"Frequently check permissions on cloud storage to ensure proper permissions are set to deny open or unprivileged access to resources.(Citation: Amazon S3 Security, 2019)"
T1543.004,M1047,Audit,"Use auditing tools capable of detecting folder permissions abuse opportunities on systems, especially reviewing changes made to folders by third-party software."
T1593,M1047,Audit,"Scan public code repositories for exposed credentials or other sensitive information before making commits. Ensure that any leaked credentials are removed from the commit history, not just the current latest version of the code."
T1213,M1047,Audit,"Consider periodic review of accounts and privileges for critical and sensitive repositories. Ensure that repositories such as cloud-hosted databases are not unintentionally exposed to the public, and that security groups assigned to them permit only necessary and authorized hosts.(Citation: AWS DB VPC)"
T1552.004,M1047,Audit,Ensure only authorized keys are allowed access to critical resources and audit access lists regularly.
T1542.005,M1047,Audit,Periodically check the integrity of the running configuration and system image to ensure they have not been modified. (Citation: Cisco IOS Software Integrity Assurance - Image File Verification) (Citation: Cisco IOS Software Integrity Assurance - Image File Integrity) (Citation: Cisco IOS Software Integrity Assurance - Change Control) 
T1556,M1047,Audit,"Review authentication logs to ensure that mechanisms such as enforcement of MFA are functioning as intended.

Periodically review the hybrid identity solution in use for any discrepancies. For example, review all Pass Through Authentication (PTA) agents in the Azure Management Portal to identify any unwanted or unapproved ones.(Citation: Mandiant Azure AD Backdoors) If ADFS is in use, review DLLs and executable files in the AD FS and Global Assembly Cache directories to ensure that they are signed by Microsoft. Note that in some cases binaries may be catalog-signed, which may cause the file to appear unsigned when viewing file properties.(Citation: MagicWeb)

Periodically review for new and unknown network provider DLLs within the Registry (`HKEY_LOCAL_MACHINE\SYSTEM\CurrentControlSet\Services\<NetworkProviderName>\NetworkProvider\ProviderPath`). Ensure only valid network provider DLLs are registered. The name of these can be found in the Registry key at `HKEY_LOCAL_MACHINE\SYSTEM\CurrentControlSet\Control\NetworkProvider\Order`, and have corresponding service subkey pointing to a DLL at `HKEY_LOCAL_MACHINE\SYSTEM\CurrentC ontrolSet\Services\<NetworkProviderName>\NetworkProvider`."
T1686.003,M1047,Audit,Routinely check account role permissions to ensure only expected users and roles have permission to modify system firewalls.
T1525,M1047,Audit,Periodically check the integrity of images and containers used in cloud deployments to ensure they have not been modified to include malicious software.
T1213.006,M1047,Audit,Consider periodic review of accounts and privileges for critical and sensitive databases. 
T1505.006,M1047,Audit,"Periodically audit ESXi hosts to ensure that only approved VIBs are installed. The command `esxcli software vib list` lists installed VIBs, while the command `esxcli software vib signature verify` verifies the signatures of installed VIBs.(Citation: Google Cloud Threat Intelligence ESXi VIBs 2022)"
T1593.003,M1047,Audit,"Scan public code repositories for exposed credentials or other sensitive information before making commits. Ensure that any leaked credentials are removed from the commit history, not just the current latest version of the code."
T1564.008,M1047,Audit,"Enterprise email solutions may have monitoring mechanisms that may include the ability to audit inbox rules on a regular basis. 

In an Exchange environment, Administrators can use `Get-InboxRule` / `Remove-InboxRule` and `Get-TransportRule` / `Remove-TransportRule` to discover and remove potentially malicious inbox and transport rules.(Citation: Microsoft Get-InboxRule)(Citation: Microsoft Manage Mail Flow Rules 2023)"
T1649,M1047,Audit,"Check and remediate unneeded existing authentication certificates as well as common abusable misconfigurations of CA settings and permissions, such as AD CS certificate enrollment permissions and published overly permissive certificate templates (which define available settings for created certificates). For example, available AD CS certificate templates can be checked via the Certificate Authority MMC snap-in (`certsrv.msc`). `certutil.exe` can also be used to examine various information within an AD CS CA database.(Citation: SpecterOps Certified Pre Owned)(Citation: GitHub PSPKIAudit)(Citation: GitHub Certify)"
T1212,M1050,Exploit Protection,Security applications that look for behavior used during exploitation such as Windows Defender Exploit Guard (WDEG) and the Enhanced Mitigation Experience Toolkit (EMET) can be used to mitigate some exploitation behavior.(Citation: TechNet Moving Beyond EMET) Control flow integrity checking is another way to potentially identify and stop a software exploit from occurring.(Citation: Wikipedia Control Flow Integrity) Many of these protections depend on the architecture and target application binary for compatibility and may not work for software targeted for defense evasion.
T1218.015,M1050,Exploit Protection,"Microsoft's Enhanced Mitigation Experience Toolkit (EMET) Attack Surface Reduction (ASR) feature can be used to block methods of using trusted binaries to bypass application control. 
Ensure that Electron is updated to the latest version and critical vulnerabilities (such as nodeIntegration bypasses) are patched and cannot be exploited."
T1189,M1050,Exploit Protection,Security applications that look for behavior used during exploitation such as Windows Defender Exploit Guard (WDEG) and the Enhanced Mitigation Experience Toolkit (EMET) can be used to mitigate some exploitation behavior.(Citation: TechNet Moving Beyond EMET) Control flow integrity checking is another way to potentially identify and stop a software exploit from occurring.(Citation: Wikipedia Control Flow Integrity) Many of these protections depend on the architecture and target application binary for compatibility.
T1218,M1050,Exploit Protection,Microsoft's Enhanced Mitigation Experience Toolkit (EMET) Attack Surface Reduction (ASR) feature can be used to block methods of using using trusted binaries to bypass application control.
T1068,M1050,Exploit Protection,Security applications that look for behavior used during exploitation such as Windows Defender Exploit Guard (WDEG) and the Enhanced Mitigation Experience Toolkit (EMET) can be used to mitigate some exploitation behavior. (Citation: TechNet Moving Beyond EMET) Control flow integrity checking is another way to potentially identify and stop a software exploit from occurring. (Citation: Wikipedia Control Flow Integrity) Many of these protections depend on the architecture and target application binary for compatibility and may not work for software components targeted for privilege escalation.
T1211,M1050,Exploit Protection,Security applications that look for behavior used during exploitation such as Windows Defender Exploit Guard (WDEG) and the Enhanced Mitigation Experience Toolkit (EMET) can be used to mitigate some exploitation behavior. (Citation: TechNet Moving Beyond EMET) Control flow integrity checking is another way to potentially identify and stop a software exploit from occurring. (Citation: Wikipedia Control Flow Integrity) Many of these protections depend on the architecture and target application binary for compatibility and may not work for software targeted for defense evasion.
T1203,M1050,Exploit Protection,Security applications that look for behavior used during exploitation such as Windows Defender Exploit Guard (WDEG) and the Enhanced Mitigation Experience Toolkit (EMET) can be used to mitigate some exploitation behavior. (Citation: TechNet Moving Beyond EMET) Control flow integrity checking is another way to potentially identify and stop a software exploit from occurring. (Citation: Wikipedia Control Flow Integrity) Many of these protections depend on the architecture and target application binary for compatibility.
T1190,M1050,Exploit Protection,Web Application Firewalls may be used to limit exposure of applications to prevent exploit traffic from reaching the application.
T1218.011,M1050,Exploit Protection,Microsoft's Enhanced Mitigation Experience Toolkit (EMET) Attack Surface Reduction (ASR) feature can be used to block methods of using rundll32.exe to bypass application control.
T1218.010,M1050,Exploit Protection,"Microsoft's Enhanced Mitigation Experience Toolkit (EMET) Attack Surface Reduction (ASR) feature can be used to block regsvr32.exe from being used to bypass application control. (Citation: Secure Host Baseline EMET) Identify and block potentially malicious software executed through regsvr32 functionality by using application control (Citation: Beechey 2010) tools, like Windows Defender Application Control(Citation: Microsoft Windows Defender Application Control), AppLocker, (Citation: Windows Commands JPCERT) (Citation: NSA MS AppLocker) or Software Restriction Policies (Citation: Corio 2008) where appropriate. (Citation: TechNet Applocker vs SRP)"
T1080,M1050,Exploit Protection,"Use utilities that detect or mitigate common features used in exploitation, such as the Microsoft Enhanced Mitigation Experience Toolkit (EMET)."
T1210,M1050,Exploit Protection,Security applications that look for behavior used during exploitation such as Windows Defender Exploit Guard (WDEG) and the Enhanced Mitigation Experience Toolkit (EMET) can be used to mitigate some exploitation behavior. (Citation: TechNet Moving Beyond EMET) Control flow integrity checking is another way to potentially identify and stop a software exploit from occurring. (Citation: Wikipedia Control Flow Integrity) Many of these protections depend on the architecture and target application binary for compatibility and may not work for all software or services targeted.
T1078.004,M1015,Active Directory Configuration,"Disable legacy authentication, which does not support MFA, and require the use of modern authentication protocols instead. "
T1072,M1015,Active Directory Configuration,Ensure proper system and access isolation for critical network systems through use of group policy.
T1552,M1015,Active Directory Configuration,Remove vulnerable Group Policy Preferences.(Citation: Microsoft MS14-025)
T1134.005,M1015,Active Directory Configuration,"Clean up SID-History attributes after legitimate account migration is complete.

Consider applying SID Filtering to interforest trusts, such as forest trusts and external trusts, to exclude SID-History from requests to access domain resources. SID Filtering ensures that any authentication requests over a trust only contain SIDs of security principals from the trusted domain (i.e preventing the trusted domain from claiming a user has membership in groups outside of the domain).

SID Filtering of forest trusts is enabled by default, but may have been disabled in some cases to allow a child domain to transitively access forest trusts. SID Filtering of external trusts is automatically enabled on all created external trusts using Server 2003 or later domain controllers. (Citation: Microsoft Trust Considerations Nov 2014) (Citation: Microsoft SID Filtering Quarantining Jan 2009) However note that SID Filtering is not automatically applied to legacy trusts or may have been deliberately disabled to allow inter-domain access to resources.

SID Filtering can be applied by: (Citation: Microsoft Netdom Trust Sept 2012)

* Disabling SIDHistory on forest trusts using the netdom tool (<code>netdom trust /domain: /EnableSIDHistory:no</code> on the domain controller)

* Applying SID Filter Quarantining to external trusts using the netdom tool (<code>netdom trust <TrustingDomainName> /domain:<TrustedDomainName> /quarantine:yes</code> on the domain controller)

* Applying SID Filtering to domain trusts within a single forest is not recommended as it is an unsupported configuration and can cause breaking changes. (Citation: Microsoft Netdom Trust Sept 2012) (Citation: AdSecurity Kerberos GT Aug 2015) If a domain within a forest is untrustworthy then it should not be a member of the forest. In this situation it is necessary to first split the trusted and untrusted domains into separate forests where SID Filtering can be applied to an interforest trust"
T1606.002,M1015,Active Directory Configuration,"For containing the impact of a previously forged SAML token, rotate the token-signing AD FS certificate in rapid succession twice, which will invalidate any tokens generated using the previous certificate.(Citation: Mandiant Defend UNC2452 White Paper)"
T1003.005,M1015,Active Directory Configuration,"Consider adding users to the ""Protected Users"" Active Directory security group. This can help limit the caching of users' plaintext credentials.(Citation: Microsoft Protected Users Security Group)"
T1550,M1015,Active Directory Configuration,"Configure Active Directory to prevent use of certain techniques; use SID Filtering, etc."
T1552.006,M1015,Active Directory Configuration,Remove vulnerable Group Policy Preferences.(Citation: Microsoft MS14-025)
T1078,M1015,Active Directory Configuration,"Disable legacy authentication, which does not support MFA, and require the use of modern authentication protocols instead."
T1550.003,M1015,Active Directory Configuration,"To contain the impact of a previously generated golden ticket, reset the built-in KRBTGT account password twice, which will invalidate any existing golden tickets that have been created with the KRBTGT hash and other Kerberos tickets derived from it.(Citation: ADSecurity Kerberos and KRBTGT) For each domain, change the KRBTGT account password once, force replication, and then change the password a second time. Consider rotating the KRBTGT account password every 180 days.(Citation: STIG krbtgt reset)"
T1558.001,M1015,Active Directory Configuration,"For containing the impact of a previously generated golden ticket, reset the built-in KRBTGT account password twice, which will invalidate any existing golden tickets that have been created with the KRBTGT hash and other Kerberos tickets derived from it. For each domain, change the KRBTGT account password once, force replication, and then change the password a second time. Consider rotating the KRBTGT account password every 180 days.(Citation: STIG krbtgt reset)"
T1649,M1015,Active Directory Configuration,"Ensure certificate authorities (CA) are properly secured, including treating CA servers (and other resources hosting CA certificates) as tier 0 assets. Harden abusable CA settings and attributes.

For example, consider disabling the usage of AD CS certificate SANs within relevant authentication protocol settings to enforce strict user mappings and prevent certificates from authenticating as other identifies.(Citation: SpecterOps Certified Pre Owned) Also consider enforcing CA Certificate Manager approval for the templates that include SAN as an issuance requirement."
T1550.002,M1051,Update Software,Apply patch KB2871997 to Windows 7 and higher systems to limit the default access of accounts in the local administrator group.(Citation: NSA Spotting) 
T1686.002,M1051,Update Software,Ensure the network firewall is up to date with security patches.
T1552,M1051,Update Software,Apply patch KB2962486 which prevents credentials from being stored in GPPs.(Citation: ADSecurity Finding Passwords in SYSVOL)(Citation: MS14-025)
T1176.002,M1051,Update Software,Ensure operating systems and IDEs are using the most current version. 
T1548.002,M1051,Update Software,Consider updating Windows to the latest version and patch level to utilize the latest protective measures against UAC bypass.(Citation: Github UACMe)
T1602.001,M1051,Update Software,Keep system images and software updated and migrate to SNMPv3.(Citation: Cisco Blog Legacy Device Attacks)
T1068,M1051,Update Software,Update software regularly by employing patch management for internal enterprise endpoints and servers.
T1555.005,M1051,Update Software,"Regularly update web browsers, password managers, and all related software to the latest versions. Keeping software up-to-date reduces the risk of vulnerabilities being exploited by attackers to extract stored credentials or session cookies."
T1495,M1051,Update Software,Patch the BIOS and other firmware as necessary to prevent successful use of known vulnerabilities.
T1110.001,M1051,Update Software,"Upgrade management services to the latest supported and compatible version.  Specifically, any version providing increased password complexity or policy enforcement preventing default or weak passwords. "
T1555,M1051,Update Software,Perform regular software updates to mitigate exploitation risk.
T1611,M1051,Update Software,Ensure that hosts are kept up-to-date with security patches. 
T1072,M1051,Update Software,Patch deployment systems regularly to prevent potential remote access through [Exploitation for Privilege Escalation](https://attack.mitre.org/techniques/T1068).
T1137.004,M1051,Update Software,"For the Outlook methods, blocking macros may be ineffective as the Visual Basic engine used for these features is separate from the macro scripting engine.(Citation: SensePost Outlook Forms) Microsoft has released patches to try to address each issue. Ensure KB3191938 which blocks Outlook Visual Basic and displays a malicious code warning, KB4011091 which disables custom forms by default, and KB4011162 which removes the legacy Home Page feature, are applied to systems.(Citation: SensePost Outlook Home Page)"
T1542,M1051,Update Software,Patch the BIOS and EFI as necessary.
T1542.001,M1051,Update Software,Patch the BIOS and EFI as necessary.
T1212,M1051,Update Software,Update software regularly by employing patch management for internal enterprise endpoints and servers.
T1602,M1051,Update Software,Keep system images and software updated and migrate to SNMPv3.(Citation: Cisco Blog Legacy Device Attacks)
T1189,M1051,Update Software,"Ensuring that all browsers and plugins are kept updated can help prevent the exploit phase of this technique. Use modern browsers with security features turned on.(Citation: Browser-updates)
"
T1548,M1051,Update Software,Perform regular software updates to mitigate exploitation risk.
T1211,M1051,Update Software,Update software regularly by employing patch management for internal enterprise endpoints and servers.
T1574,M1051,Update Software,Update software regularly to include patches that fix DLL side-loading vulnerabilities.
T1176.001,M1051,Update Software,Ensure operating systems and browsers are using the most current version. 
T1137,M1051,Update Software,"For the Outlook methods, blocking macros may be ineffective as the Visual Basic engine used for these features is separate from the macro scripting engine.(Citation: SensePost Outlook Forms) Microsoft has released patches to try to address each issue. Ensure KB3191938 which blocks Outlook Visual Basic and displays a malicious code warning, KB4011091 which disables custom forms by default, and KB4011162 which removes the legacy Home Page feature, are applied to systems.(Citation: SensePost Outlook Home Page)"
T1195.001,M1051,Update Software,"A patch management process should be implemented to check unused dependencies, unmaintained and/or previously vulnerable dependencies, unnecessary features, components, files, and documentation."
T1552.006,M1051,Update Software,Apply patch KB2962486 which prevents credentials from being stored in GPPs.(Citation: ADSecurity Finding Passwords in SYSVOL)(Citation: MS14-025)
T1137.005,M1051,Update Software,"For the Outlook methods, blocking macros may be ineffective as the Visual Basic engine used for these features is separate from the macro scripting engine.(Citation: SensePost Outlook Forms) Microsoft has released patches to try to address each issue. Ensure KB3191938 which blocks Outlook Visual Basic and displays a malicious code warning, KB4011091 which disables custom forms by default, and KB4011162 which removes the legacy Home Page feature, are applied to systems.(Citation: SensePost Outlook Home Page)"
T1195,M1051,Update Software,"A patch management process should be implemented to check unused dependencies, unmaintained and/or previously vulnerable dependencies, unnecessary features, components, files, and documentation."
T1539,M1051,Update Software,"Regularly update web browsers, password managers, and all related software to the latest versions. Keeping software up-to-date reduces the risk of vulnerabilities being exploited by attackers to extract stored credentials or session cookies."
T1555.003,M1051,Update Software,"Regularly update web browsers, password managers, and all related software to the latest versions. Keeping software up-to-date reduces the risk of vulnerabilities being exploited by attackers to extract stored credentials or session cookies."
T1602.002,M1051,Update Software,Keep system images and software updated and migrate to SNMPv3.(Citation: Cisco Blog Legacy Device Attacks)
T1546.010,M1051,Update Software,Upgrade to Windows 8 or later and enable secure boot.
T1574.001,M1051,Update Software,Update software regularly to include patches that fix DLL side-loading vulnerabilities.
T1176,M1051,Update Software,Ensure operating systems and software are using the most current version. 
T1203,M1051,Update Software,"Perform regular software updates to mitigate exploitation risk. Keeping software up-to-date with the latest security patches helps prevent adversaries from exploiting known vulnerabilities in client software, reducing the risk of successful attacks."
T1542.002,M1051,Update Software,Perform regular firmware updates to mitigate risks of exploitation and/or abuse.
T1137.003,M1051,Update Software,"For the Outlook methods, blocking macros may be ineffective as the Visual Basic engine used for these features is separate from the macro scripting engine.(Citation: SensePost Outlook Forms) Microsoft has released patches to try to address each issue. Ensure KB3191938 which blocks Outlook Visual Basic and displays a malicious code warning, KB4011091 which disables custom forms by default, and KB4011162 which removes the legacy Home Page feature, are applied to systems.(Citation: SensePost Outlook Home Page)"
T1190,M1051,Update Software,Update software regularly by employing patch management for externally exposed applications.
T1195.002,M1051,Update Software,"A patch management process should be implemented to check unused applications, unmaintained and/or previously vulnerable software, unnecessary features, components, files, and documentation."
T1546.011,M1051,Update Software,"Microsoft released an optional patch update - KB3045645 - that will remove the ""auto-elevate"" flag within the sdbinst.exe. This will prevent use of application shimming to bypass UAC."
T1210,M1051,Update Software,Update software regularly by employing patch management for internal enterprise endpoints and servers.
T1546,M1051,Update Software,Perform regular software updates to mitigate exploitation risk.
T1574,M1044,Restrict Library Loading,"Disallow loading of remote DLLs. This is included by default in Windows Server 2012+ and is available by patch for XP+ and Server 2003+.

Enable Safe DLL Search Mode to force search for system DLLs in directories with greater restrictions (e.g. <code>%SYSTEMROOT%</code>)to be used before local directory DLLs (e.g. a user's home directory)

The Safe DLL Search Mode can be enabled via Group Policy at Computer Configuration > [Policies] > Administrative Templates > MSS (Legacy): MSS: (SafeDllSearchMode) Enable Safe DLL search mode. The associated Windows Registry key for this is located at <code>HKLM\SYSTEM\CurrentControlSet\Control\Session Manager\SafeDLLSearchMode</code>(Citation: Microsoft More information about DLL)(Citation: Microsoft Dynamic Link Library Search Order)"
T1547.008,M1044,Restrict Library Loading,Ensure safe DLL search mode is enabled <code>HKEY_LOCAL_MACHINE\\System\\CurrentControlSet\\Control\\Session Manager\\SafeDllSearchMode</code> to mitigate risk that lsass.exe loads a malicious code library. (Citation: Microsoft DLL Security)
T1574.001,M1044,Restrict Library Loading,"Disallow loading of remote DLLs. This is included by default in Windows Server 2012+ and is available by patch for XP+ and Server 2003+.(Citation: Microsoft More information about DLL)

Enable Safe DLL Search Mode to move the user's current folder later in the search order. This is included by default in modern versions of Windows; the associated Windows Registry key is located at <code>HKLM\SYSTEM\CurrentControlSet\Control\Session Manager\SafeDLLSearchMode</code>.(Citation: Microsoft Dynamic Link Library Search Order)"
T1547.007,M1042,Disable or Remove Feature or Program,This feature can be disabled entirely with the following terminal command: <code>defaults write -g ApplePersistence -bool no</code>.
T1021.004,M1042,Disable or Remove Feature or Program,"Disable the SSH daemon on systems that do not require it, especially ESXi servers. For macOS, ensure Remote Login is disabled under Sharing Preferences.(Citation: Apple Unified Log Analysis Remote Login and Screen Sharing)"
T1671,M1042,Disable or Remove Feature or Program,"Do not allow users to add new application integrations into a SaaS environment. In Entra ID environments, consider enforcing the “Do not allow user consent” option.(Citation: Microsoft Entra Configure OAuth Consent)"
T1021.005,M1042,Disable or Remove Feature or Program,Uninstall any VNC server software where not required.
T1059.005,M1042,Disable or Remove Feature or Program,Turn off or restrict access to unneeded VB components.
T1595.003,M1042,Disable or Remove Feature or Program,"Remove or disable access to any systems, resources, and infrastructure that are not explicitly required to be available externally."
T1021.006,M1042,Disable or Remove Feature or Program,Disable the WinRM service.
T1559,M1042,Disable or Remove Feature or Program,"Registry keys specific to Microsoft Office feature control security can be set to disable automatic DDE/OLE execution. (Citation: Microsoft DDE Advisory Nov 2017)(Citation: BleepingComputer DDE Disabled in Word Dec 2017)(Citation: GitHub Disable DDEAUTO Oct 2017) Microsoft also created, and enabled by default, Registry keys to completely disable DDE execution in Word and Excel.(Citation: Microsoft ADV170021 Dec 2017)"
T1564.006,M1042,Disable or Remove Feature or Program,Disable native virtualization technologies such as Hyper-V if not necessary within a given environment. Consider also disabling Windows Sandbox if it is not needed to test or debug applications.
T1557.001,M1042,Disable or Remove Feature or Program,"Disable LLMNR, mDNS, and NetBIOS in local computer security settings or by group policy if they are not needed within an environment. (Citation: ADSecurity Windows Secure Baseline)"
T1046,M1042,Disable or Remove Feature or Program,Ensure that unnecessary ports and services are closed to prevent risk of discovery and potential exploitation.
T1218.015,M1042,Disable or Remove Feature or Program,"Remove or deny access to unnecessary and potentially vulnerable software and features to prevent abuse by adversaries. Many native binaries may not be necessary within a given environment: for example, consider disabling the Node.js integration in all renderers that display remote content to protect users by limiting adversaries’ power to plant malicious JavaScript within Electron applications.(Citation: Electron Security 2)"
T1127.002,M1042,Disable or Remove Feature or Program,"Disable ClickOnce installations from the internet using the following registry key: 
`\HKEY_LOCAL_MACHINE\SOFTWARE\Microsoft\.NETFramework\Security\TrustManager\PromptingLevel — Internet:Disabled`(Citation: NetSPI ClickOnce)(Citation: Microsoft Learn ClickOnce Config)

ClickOnce may not be necessary within an environment and should be disabled if not being used."
T1114.003,M1042,Disable or Remove Feature or Program,Consider disabling external email forwarding.(Citation: Microsoft BEC Campaign)
T1557,M1042,Disable or Remove Feature or Program,"Disable legacy network protocols that may be used   to intercept network traffic if applicable, especially those that are not needed within an environment."
T1011,M1042,Disable or Remove Feature or Program,"Disable WiFi connection, modem, cellular data connection, Bluetooth, or another radio frequency (RF) channel in local computer security settings or by group policy if it is not needed within an environment."
T1098,M1042,Disable or Remove Feature or Program,Remove unnecessary and potentially abusable authentication and authorization mechanisms where possible.
T1685,M1042,Disable or Remove Feature or Program,Consider removing previous versions of tools that are unnecessary to the environment when possible.
T1052.001,M1042,Disable or Remove Feature or Program,Disable Autorun if it is unnecessary. (Citation: Microsoft Disable Autorun) Disallow or restrict removable media at an organizational policy level if they are not required for business operations. (Citation: TechNet Removable Media Control)
T1553.005,M1042,Disable or Remove Feature or Program,"Consider disabling auto-mounting of disk image files (i.e., .iso, .img, .vhd, and .vhdx). This can be achieved by modifying the Registry values related to the Windows Explorer file associations in order to disable the automatic Explorer ""Mount and Burn"" dialog for these file extensions. Note: this will not deactivate the mount functionality itself.(Citation: GitHub MOTW)"
T1505,M1042,Disable or Remove Feature or Program,Consider disabling software components from servers when possible to prevent abuse by adversaries.(Citation: ITSyndicate Disabling PHP functions)
T1127.003,M1042,Disable or Remove Feature or Program,JamPlus may not be necessary within a given environment and should be removed if not used.
T1059.001,M1042,Disable or Remove Feature or Program,"It may be possible to remove PowerShell from systems when not needed, but a review should be performed to assess the impact to an environment, since it could be in use for many legitimate purposes and administrative functions.

Disable/restrict the WinRM Service to help prevent uses of PowerShell for remote execution."
T1218.008,M1042,Disable or Remove Feature or Program,Odbcconf.exe may not be necessary within a given environment.
T1091,M1042,Disable or Remove Feature or Program,Disable Autorun if it is unnecessary. (Citation: Microsoft Disable Autorun) Disallow or restrict removable media at an organizational policy level if it is not required for business operations. (Citation: TechNet Removable Media Control)
T1137,M1042,Disable or Remove Feature or Program,"Follow Office macro security best practices suitable for your environment. Disable Office VBA macros from executing.

Disable Office add-ins. If they are required, follow best practices for securing them by requiring them to be signed and disabling user notification for allowing add-ins. For some add-ins types (WLL, VBA) additional mitigation is likely required as disabling add-ins in the Office Trust Center does not disable WLL nor does it prevent VBA code from executing. (Citation: MRWLabs Office Persistence Add-ins)"
T1546.002,M1042,Disable or Remove Feature or Program,Use Group Policy to disable screensavers if they are unnecessary.(Citation: TechNet Screensaver GP)
T1059,M1042,Disable or Remove Feature or Program,Disable or remove any unnecessary or unused shells or interpreters.
T1021.003,M1042,Disable or Remove Feature or Program,Consider disabling DCOM through Dcomcnfg.exe.(Citation: Microsoft Disable DCOM)
T1021.001,M1042,Disable or Remove Feature or Program,Disable the RDP service if it is unnecessary.
T1555.004,M1042,Disable or Remove Feature or Program,Consider enabling the “Network access: Do not allow storage of passwords and credentials for network authentication” setting that will prevent network credentials from being stored by the Credential Manager.(Citation: Microsoft Network access Credential Manager)
T1092,M1042,Disable or Remove Feature or Program,Disable Autoruns if it is unnecessary.(Citation: Microsoft Disable Autorun)
T1563.002,M1042,Disable or Remove Feature or Program,Disable the RDP service if it is unnecessary.
T1218.013,M1042,Disable or Remove Feature or Program,Consider removing mavinject.exe if Microsoft App-V is not used within a given environment.
T1563,M1042,Disable or Remove Feature or Program,"Disable the remote service (ex: SSH, RDP, etc.) if it is unnecessary."
T1098.004,M1042,Disable or Remove Feature or Program,Disable SSH if it is not necessary on a host or restrict SSH access for specific users/groups using <code>/etc/ssh/sshd_config</code>. Setting the `PermitRootLogin` directive to `no` will prevent the root user from logging in via SSH.(Citation: Broadcom ESXi SSH)
T1557.002,M1042,Disable or Remove Feature or Program,Consider disabling updating the ARP cache on gratuitous ARP replies.
T1219.002,M1042,Disable or Remove Feature or Program,"Consider disabling unnecessary remote connection functionality, including both unapproved software installations and specific features built into supported applications."
T1218.012,M1042,Disable or Remove Feature or Program,Consider removing verclsid.exe if it is not necessary within a given environment.
T1218.005,M1042,Disable or Remove Feature or Program,Mshta.exe may not be necessary within a given environment since its functionality is tied to older versions of Internet Explorer that have reached end of life.
T1563.001,M1042,Disable or Remove Feature or Program,Ensure that agent forwarding is disabled on systems that do not explicitly require this feature to prevent misuse. (Citation: Symantec SSH and ssh-agent)
T1133,M1042,Disable or Remove Feature or Program,Disable or block remotely available services that may be unnecessary.
T1218.007,M1042,Disable or Remove Feature or Program,Consider disabling the <code>AlwaysInstallElevated</code> policy to prevent elevated execution of Windows Installer packages.(Citation: Microsoft AlwaysInstallElevated 2018)
T1564.007,M1042,Disable or Remove Feature or Program,Turn off or restrict access to unneeded VB components.(Citation: Microsoft Disable VBA Jan 2020)
T1059.007,M1042,Disable or Remove Feature or Program,Turn off or restrict access to unneeded scripting components.
T1609,M1042,Disable or Remove Feature or Program,Remove unnecessary tools and software from containers.
T1218.004,M1042,Disable or Remove Feature or Program,InstallUtil may not be necessary within a given environment.
T1127.001,M1042,Disable or Remove Feature or Program,MSBuild.exe may not be necessary within an environment and should be removed if not being used.
T1218.014,M1042,Disable or Remove Feature or Program,"MMC may not be necessary within a given environment since it is primarily used by system administrators, not regular users or clients. "
T1552.005,M1042,Disable or Remove Feature or Program,Disable unnecessary metadata services and restrict or disable insecure versions of metadata services that are in use to prevent adversary access.(Citation: Amazon AWS IMDS V2)
T1546.014,M1042,Disable or Remove Feature or Program,Consider disabling emond by removing the [Launch Daemon](https://attack.mitre.org/techniques/T1543/004) plist file.
T1021,M1042,Disable or Remove Feature or Program,"If remote services, such as the ability to make direct connections to cloud virtual machines, are not required, disable these connection types where feasible. On ESXi servers, consider enabling lockdown mode, which disables direct access to an ESXi host and requires that the host be managed remotely using vCenter.(Citation: Google Cloud Threat Intelligence ESXi Hardening 2023)(Citation: Broadcom ESXi Lockdown Mode)"
T1021.008,M1042,Disable or Remove Feature or Program,"If direct virtual machine connections are not required for administrative use, disable these connection types where feasible."
T1137.001,M1042,Disable or Remove Feature or Program,"Follow Office macro security best practices suitable for your environment. Disable Office VBA macros from executing.

Disable Office add-ins. If they are required, follow best practices for securing them by requiring them to be signed and disabling user notification for allowing add-ins. For some add-ins types (WLL, VBA) additional mitigation is likely required as disabling add-ins in the Office Trust Center does not disable WLL nor does it prevent VBA code from executing. (Citation: MRWLabs Office Persistence Add-ins)
"
T1505.003,M1042,Disable or Remove Feature or Program,Consider disabling functions from web technologies such as PHP’s `evaI()` that may be abused for web shells.(Citation: ITSyndicate Disabling PHP functions)
T1205,M1042,Disable or Remove Feature or Program,Disable Wake-on-LAN if it is not needed within an environment.
T1218,M1042,Disable or Remove Feature or Program,Many native binaries may not be necessary within a given environment.
T1052,M1042,Disable or Remove Feature or Program,Disable Autorun if it is unnecessary. (Citation: Microsoft Disable Autorun) Disallow or restrict removable media at an organizational policy level if they are not required for business operations. (Citation: TechNet Removable Media Control)
T1218.009,M1042,Disable or Remove Feature or Program,Regsvcs and Regasm may not be necessary within a given environment.
T1221,M1042,Disable or Remove Feature or Program,"Consider disabling Microsoft Office macros/active content to prevent the execution of malicious payloads in documents (Citation: Microsoft Disable Macros), though this setting may not mitigate the [Forced Authentication](https://attack.mitre.org/techniques/T1187) use for this technique."
T1559.002,M1042,Disable or Remove Feature or Program,"Registry keys specific to Microsoft Office feature control security can be set to disable automatic DDE/OLE execution. (Citation: Microsoft DDE Advisory Nov 2017)(Citation: BleepingComputer DDE Disabled in Word Dec 2017)(Citation: GitHub Disable DDEAUTO Oct 2017) Microsoft also created, and enabled by default, Registry keys to completely disable DDE execution in Word and Excel.(Citation: Microsoft ADV170021 Dec 2017)"
T1689,M1042,Disable or Remove Feature or Program,Consider removing previous versions of tools that are unnecessary to the environment when possible.
T1098.002,M1042,Disable or Remove Feature or Program,"If email delegation is not required, disable it. In Google Workspace this can be accomplished through the Google Admin console.(Citation: Gmail Delegation)"
T1127,M1042,Disable or Remove Feature or Program,Specific developer utilities may not be necessary within a given environment and should be removed if not used.
T1611,M1042,Disable or Remove Feature or Program,Remove unnecessary tools and software from containers.
T1219,M1042,Disable or Remove Feature or Program,"Consider disabling unnecessary remote connection functionality, including both unapproved software installations and specific features built into supported applications."
T1098.001,M1042,Disable or Remove Feature or Program,"Remove unnecessary and potentially abusable authentication mechanisms where possible. For example, in Entra ID environments, disable the app password feature unless explicitly required. "
T1218.003,M1042,Disable or Remove Feature or Program,CMSTP.exe may not be necessary within a given environment (unless using it for VPN connection installation).
T1649,M1042,Disable or Remove Feature or Program,"Consider disabling old/dangerous authentication protocols (e.g. NTLM), as well as unnecessary certificate features, such as potentially vulnerable AD CS web and other enrollment server roles.(Citation: SpecterOps Certified Pre Owned)"
T1210,M1042,Disable or Remove Feature or Program,Minimize available services to only those that are necessary.
T1648,M1036,Account Use Policies,"Where possible, consider restricting access to and use of serverless functions. For examples, conditional access policies can be applied to users attempting to create workflows in Microsoft Power Automate. Google Apps Scripts that use OAuth can be limited by restricting access to high-risk OAuth scopes.(Citation: Microsoft Developer Support Power Apps Conditional Access)(Citation: Google Workspace Apps Script Restrict OAuth Scopes)"
T1550.001,M1036,Account Use Policies,"Where possible, consider restricting the use of access tokens outside of expected contexts. For example, in AWS environments, consider using data perimeters to prevent credential use outside of an expected network.(Citation: AWS Data Perimeters)"
T1684,M1036,Account Use Policies,"Adds verification for helpdesk resets, approvals, and app consents commonly targeted by impersonation.(Citation: SE SentinelOne 2)(Citation: SE - Hackers Target Workday)"
T1110.004,M1036,Account Use Policies,"Set account lockout policies after a certain number of failed login attempts to prevent passwords from being guessed. Too strict a policy may create a denial of service condition and render environments un-usable, with all accounts used in the brute force being locked-out. Use conditional access policies to block logins from non-compliant devices or from outside defined organization IP ranges.(Citation: Microsoft Common Conditional Access Policies) Consider blocking risky authentication requests, such as those originating from anonymizing services/proxies.(Citation: Okta Block Anonymizing Services)"
T1550,M1036,Account Use Policies,"Where possible, consider restricting the use of authentication material outside of expected contexts."
T1110.001,M1036,Account Use Policies,"Set account lockout policies after a certain number of failed login attempts to prevent passwords from being guessed. Too strict a policy may create a denial of service condition and render environments un-usable, with all accounts used in the brute force being locked-out. Use conditional access policies to block logins from non-compliant devices or from outside defined organization IP ranges.(Citation: Microsoft Common Conditional Access Policies) Consider blocking risky authentication requests, such as those originating from anonymizing services/proxies.(Citation: Okta Block Anonymizing Services)"
T1621,M1036,Account Use Policies,"Enable account restrictions to prevent login attempts, and the subsequent 2FA/MFA service requests, from being initiated from suspicious locations or when the source of the login attempts do not match the location of the 2FA/MFA smart device. Use conditional access policies to block logins from non-compliant devices or from outside defined organization IP ranges.(Citation: Microsoft Common Conditional Access Policies)"
T1078.004,M1036,Account Use Policies,Use conditional access policies to block logins from non-compliant devices or from outside defined organization IP ranges.(Citation: Microsoft Common Conditional Access Policies)
T1110,M1036,Account Use Policies,"Set account lockout policies after a certain number of failed login attempts to prevent passwords from being guessed. Too strict a policy may create a denial of service condition and render environments un-usable, with all accounts used in the brute force being locked-out. Use conditional access policies to block logins from non-compliant devices or from outside defined organization IP ranges.(Citation: Microsoft Common Conditional Access Policies) Consider blocking risky authentication requests, such as those originating from anonymizing services/proxies.(Citation: Okta Block Anonymizing Services)"
T1110.003,M1036,Account Use Policies,"Set account lockout policies after a certain number of failed login attempts to prevent passwords from being guessed. Too strict a policy may create a denial of service condition and render environments un-usable, with all accounts used in the brute force being locked-out. Use conditional access policies to block logins from non-compliant devices or from outside defined organization IP ranges.(Citation: Microsoft Common Conditional Access Policies) Consider blocking risky authentication requests, such as those originating from anonymizing services/proxies.(Citation: Okta Block Anonymizing Services)"
T1078,M1036,Account Use Policies,Use conditional access policies to block logins from non-compliant devices or from outside defined organization IP ranges.(Citation: Microsoft Common Conditional Access Policies)
T1659,M1041,Encrypt Sensitive Information,"Where possible, ensure that online traffic is appropriately encrypted through services such as trusted VPNs."
T1552,M1041,Encrypt Sensitive Information,"When possible, store keys on separate cryptographic hardware instead of on the local system. "
T1557.002,M1041,Encrypt Sensitive Information,"Ensure that all wired and/or wireless traffic is encrypted appropriately. Use best practices for authentication protocols, such as Kerberos, and ensure web traffic that may contain credentials is protected by SSL/TLS."
T1557,M1041,Encrypt Sensitive Information,"Ensure that all wired and/or wireless traffic is encrypted appropriately. Use best practices for authentication protocols, such as Kerberos, and ensure web traffic that may contain credentials is protected by SSL/TLS."
T1070,M1041,Encrypt Sensitive Information,Obfuscate/encrypt event files locally and in transit to avoid giving feedback to an adversary.
T1602.002,M1041,Encrypt Sensitive Information,Configure SNMPv3 to use the highest level of security (authPriv) available.(Citation: US-CERT TA17-156A SNMP Abuse 2017) 
T1565.002,M1041,Encrypt Sensitive Information,Encrypt all important data flows to reduce the impact of tailored modifications on data in transit.
T1565,M1041,Encrypt Sensitive Information,Consider encrypting important information to reduce an adversary’s ability to perform tailored data modifications.
T1530,M1041,Encrypt Sensitive Information,"Encrypt data stored at rest in cloud storage.(Citation: Amazon S3 Security, 2019)(Citation: Microsoft Azure Storage Security, 2019) Managed encryption keys can be rotated by most providers. At a minimum, ensure an incident response plan to storage breach includes rotating the keys and test for impact on client applications.(Citation: Google Cloud Encryption Key Rotation)"
T1213.006,M1041,Encrypt Sensitive Information,Encrypt data stored at rest in databases.
T1040,M1041,Encrypt Sensitive Information,"Ensure that all wired and/or wireless traffic is encrypted appropriately. Use best practices for authentication protocols, such as Kerberos, and ensure web traffic that may contain credentials is protected by SSL/TLS."
T1114.002,M1041,Encrypt Sensitive Information,Use of encryption provides an added layer of security to sensitive information sent over email. Encryption using public key cryptography requires the adversary to obtain the private certificate along with an encryption key to decrypt messages.
T1602.001,M1041,Encrypt Sensitive Information,Configure SNMPv3 to use the highest level of security (authPriv) available.(Citation: US-CERT TA17-156A SNMP Abuse 2017)
T1685.005,M1041,Encrypt Sensitive Information,Obfuscate/encrypt event files locally and in transit to avoid giving feedback to an adversary.
T1119,M1041,Encrypt Sensitive Information,"Encryption and off-system storage of sensitive information may be one way to mitigate collection of files, but may not stop an adversary from acquiring the information if an intrusion persists over a long period of time and the adversary is able to discover and access the data through other means. Strong passwords should be used on certain encrypted documents that use them to prevent offline cracking through [Brute Force](https://attack.mitre.org/techniques/T1110) techniques."
T1114.003,M1041,Encrypt Sensitive Information,Use of encryption provides an added layer of security to sensitive information sent over email. Encryption using public key cryptography requires the adversary to obtain the private certificate along with an encryption key to decrypt messages.
T1565.001,M1041,Encrypt Sensitive Information,Consider encrypting important information to reduce an adversary’s ability to perform tailored data modifications.
T1558.004,M1041,Encrypt Sensitive Information,"Enable AES Kerberos encryption (or another stronger encryption algorithm), rather than RC4, where possible.(Citation: AdSecurity Cracking Kerberos Dec 2015)"
T1669,M1041,Encrypt Sensitive Information,"Ensure that all wired and/or wireless traffic is encrypted appropriately. Use best practices for authentication protocols, such as Kerberos, and ensure that web traffic that may contain credentials is protected by SSL/TLS."
T1114,M1041,Encrypt Sensitive Information,Use of encryption provides an added layer of security to sensitive information sent over email. Encryption using public key cryptography requires the adversary to obtain the private certificate along with an encryption key to decrypt messages.
T1558.003,M1041,Encrypt Sensitive Information,"Enable AES Kerberos encryption (or another stronger encryption algorithm), rather than RC4, where possible.(Citation: AdSecurity Cracking Kerberos Dec 2015)"
T1020.001,M1041,Encrypt Sensitive Information,"Ensure that all wired and/or wireless traffic is encrypted appropriately. Use best practices for authentication protocols, such as Kerberos, and ensure web traffic that may contain credentials is protected by SSL/TLS."
T1685.006,M1041,Encrypt Sensitive Information,Obfuscate/encrypt event files locally and in transit to avoid giving feedback to an adversary.
T1602,M1041,Encrypt Sensitive Information,Configure SNMPv3 to use the highest level of security (authPriv) available.(Citation: US-CERT TA17-156A SNMP Abuse 2017)
T1003.003,M1041,Encrypt Sensitive Information,Ensure Domain Controller backups are properly secured.(Citation: Metcalf 2015)
T1552.004,M1041,Encrypt Sensitive Information,"When possible, store keys on separate cryptographic hardware instead of on the local system. For example, on Windows systems use a TPM to secure keys and other sensitive credential material.(Citation: Microsoft Primary Refresh Token)"
T1550.001,M1041,Encrypt Sensitive Information,File encryption should be enforced across email communications containing sensitive information that may be obtained through access to email services.
T1114.001,M1041,Encrypt Sensitive Information,Use of encryption provides an added layer of security to sensitive information sent over email. Encryption using public key cryptography requires the adversary to obtain the private certificate along with an encryption key to decrypt messages.
T1213,M1041,Encrypt Sensitive Information,Encrypt data stored at rest in databases. 
T1558.002,M1041,Encrypt Sensitive Information,"Enable AES Kerberos encryption (or another stronger encryption algorithm), rather than RC4, where possible.(Citation: AdSecurity Cracking Kerberos Dec 2015)"
T1649,M1041,Encrypt Sensitive Information,"Ensure certificates as well as associated private keys are appropriately secured. Consider utilizing additional hardware credential protections such as trusted platform modules (TPM) or hardware security modules (HSM). Enforce HTTPS and enable Extended Protection for
Authentication.(Citation: SpecterOps Certified Pre Owned)"
T1558,M1015,Active Directory Configuration,"For containing the impact of a previously generated golden ticket, reset the built-in KRBTGT account password twice, which will invalidate any existing golden tickets that have been created with the KRBTGT hash and other Kerberos tickets derived from it. For each domain, change the KRBTGT account password once, force replication, and then change the password a second time. Consider rotating the KRBTGT account password every 180 days.(Citation: STIG krbtgt reset)"
T1558,M1043,Credential Access Protection,"On Linux systems, protect resources with Security Enhanced Linux (SELinux) by defining entry points, process types, and file labels.(Citation: Brining MimiKatz to Unix) "
T1610,M1018,User Account Management,"Enforce the principle of least privilege by limiting container dashboard access to only the necessary users. When using Kubernetes, avoid giving users wildcard permissions or adding users to the `system:masters` group, and use `RoleBindings` rather than `ClusterRoleBindings` to limit user privileges to specific namespaces.(Citation: Kubernetes RBAC)"
T1003,M1041,Encrypt Sensitive Information,Ensure Domain Controller backups are properly secured.
T1610,M1047,Audit,"Scan images before deployment, and block those that are not in compliance with security policies. In Kubernetes environments, the admission controller can be used to validate images after a container deployment request is authenticated but before the container is deployed.(Citation: Kubernetes Hardening Guide)"
T1558,M1041,Encrypt Sensitive Information,"Enable AES Kerberos encryption (or another stronger encryption algorithm), rather than RC4, where possible.(Citation: AdSecurity Cracking Kerberos Dec 2015)"
T1593.002,M1056,Pre-compromise,This technique cannot be easily mitigated with preventive controls since it is based on behaviors performed outside of the scope of enterprise defenses and controls. Efforts should focus on minimizing the amount and sensitivity of data available to external parties.
T1558.005,M1047,Audit,"Enable and perform audits or scans of systems, permissions, insecure software, insecure configurations, etc. to identify potential weaknesses.(Citation: Brining MimiKatz to Unix) For example, use <code>auditd</code> to audit access to hashes, machine tickets, or <code>/tmp</code> files. If using sssd and Vintela, ensure kerberos is disabled if not being used.(Citation: audits linikatz)"
T1003.006,M1027,Password Policies,"Ensure that local administrator accounts have complex, unique passwords across all systems on the network."
T1610,M1030,Network Segmentation,"Deny direct remote access to internal systems through the use of network proxies, gateways, and firewalls."
T1003,M1040,Behavior Prevention on Endpoint,"On Windows 10, enable Attack Surface Reduction (ASR) rules to secure LSASS and prevent credential stealing. (Citation: win10_asr)"
T1003,M1027,Password Policies,"Ensure that local administrator accounts have complex, unique passwords across all systems on the network."
T1003.006,M1015,Active Directory Configuration,"Manage the access control list for ""Replicating Directory Changes"" and other permissions associated with domain controller replication.(Citation: ADSecurity Mimikatz DCSync)(Citation: Microsoft Replication ACL)"
T1003,M1017,User Training,Limit credential overlap across accounts and systems by training users and administrators not to use the same password for multiple accounts.
T1610,M1035,Limit Access to Resource Over Network,"Limit communications with the container service to managed and secured channels, such as local Unix sockets or remote access via SSH. Require secure port access to communicate with the APIs over TLS by disabling unauthenticated access to the Docker API, Kubernetes API Server, and container orchestration web applications.(Citation: Docker Daemon Socket Protect)(Citation: Kubernetes API Control Access) In Kubernetes clusters deployed in cloud environments, use native cloud platform features to restrict the IP ranges that are permitted to access to API server.(Citation: Kubernetes Cloud Native Security) Where possible, consider enabling just-in-time (JIT) access to the Kubernetes API to place additional restrictions on access.(Citation: Microsoft AKS Azure AD 2023)"
T1558.005,M1043,Credential Access Protection,"Protect resources with Security Enhanced Linux (SELinux) by defining entry points, process types, and file labels.(Citation: Brining MimiKatz to Unix) "
T1003,M1026,Privileged Account Management,"Windows:
Do not put user or admin domain accounts in the local administrator groups across systems unless they are tightly controlled, as this is often equivalent to having a local administrator account with the same password on all systems. Follow best practices for design and administration of an enterprise network to limit privileged account use across administrative tiers.(Citation: Microsoft Securing Privileged Access)

Linux:
Scraping the passwords from memory requires root privileges. Follow best practices in restricting access to privileged accounts to avoid hostile programs from accessing such sensitive regions of memory."
T1003,M1025,Privileged Process Integrity,"
On Windows 8.1 and Windows Server 2012 R2, enable Protected Process Light for LSA.(Citation: Microsoft LSA)"
T1011.001,M1042,Disable or Remove Feature or Program,Disable Bluetooth in local computer security settings or by group policy if it is not needed within an environment.
T1001.002,M1031,Network Intrusion Prevention,Network intrusion detection and prevention systems that use network signatures to identify traffic for specific adversary malware can be used to mitigate some obfuscation activity at the network level. 
T1011.001,M1028,Operating System Configuration,Prevent the creation of new network adapters where possible.
T1558,M1027,Password Policies,Ensure strong password length (ideally 25+ characters) and complexity for service accounts and that these passwords periodically expire.(Citation: AdSecurity Cracking Kerberos Dec 2015) Also consider using Group Managed Service Accounts or another third party product such as password vaulting.(Citation: AdSecurity Cracking Kerberos Dec 2015)
T1003.006,M1026,Privileged Account Management,"Do not put user or admin domain accounts in the local administrator groups across systems unless they are tightly controlled, as this is often equivalent to having a local administrator account with the same password on all systems. Follow best practices for design and administration of an enterprise network to limit privileged account use across administrative tiers."
T1567.003,M1021,Restrict Web-Based Content,Web proxies can be used to enforce an external network communication policy that prevents use of unauthorized external services.
T1003,M1043,Credential Access Protection,"With Windows 10, Microsoft implemented new protections called Credential Guard to protect the LSA secrets that can be used to obtain credentials through forms of credential dumping. It is not configured by default and has hardware and firmware system requirements. (Citation: TechNet Credential Guard) It also does not protect against all forms of credential dumping. (Citation: GitHub SHB Credential Guard)"
T1558,M1047,Audit,"Perform audits or scans of systems, permissions, insecure software, insecure configurations, etc. to identify potential weaknesses."
T1558,M1026,Privileged Account Management,"Limit domain admin account permissions to domain controllers and limited servers. Delegate other admin functions to separate accounts.

Limit service accounts to minimal required privileges, including membership in privileged groups such as Domain Administrators.(Citation: AdSecurity Cracking Kerberos Dec 2015)"
T1003,M1015,Active Directory Configuration,"
Manage the access control list for “Replicating Directory Changes All” and other permissions associated with domain controller replication. (Citation: AdSecurity DCSync Sept 2015) (Citation: Microsoft Replication ACL) Consider adding users to the ""Protected Users"" Active Directory security group. This can help limit the caching of users' plaintext credentials.(Citation: Microsoft Protected Users Security Group)"
T1003,M1028,Operating System Configuration,"
Consider disabling or restricting NTLM.(Citation: Microsoft Disable NTLM Nov 2012) Consider disabling WDigest authentication.(Citation: Microsoft WDigest Mit)"
